epoch,train_loss,train_recon_total,train_recon_masked,train_recon_unmasked,train_ssim,train_loss_contrast,train_embed_var_mean,train_embed_var_min,val_loss,val_recon_total,val_recon_masked,val_recon_unmasked,val_ssim
1,6.922615556155934,0.08021277189254761,0.09149827808141708,0.07430129498243332,0.4253499209880829,0.0,0.0,0.0,6.729973361439948,0.04361727833747864,0.05384885519742966,0.0382579006254673,0.6186060905456543
2,6.676564704845934,0.04470384120941162,0.0530460886657238,0.04033409804105759,0.6134103536605835,0.0,0.0,0.0,6.542947368900271,0.03177328035235405,0.03682880103588104,0.029125142842531204,0.6963606476783752
3,6.549474040375037,0.03643530607223511,0.038649700582027435,0.03527537360787392,0.6861729621887207,0.0,0.0,0.0,6.4720772791952985,0.02629244141280651,0.027159102261066437,0.025838470086455345,0.7597528696060181
4,6.486066051265773,0.028991231694817543,0.031149068847298622,0.02786090411245823,0.7530605792999268,0.0,0.0,0.0,6.641821941320043,0.05251367762684822,0.05771787837147713,0.04978766292333603,0.525999903678894
5,6.457089742316919,0.02513076178729534,0.027524573728442192,0.02387685328722,0.7594996690750122,0.0,0.0,0.0,6.429794332406817,0.021525565534830093,0.02338983304798603,0.02054903469979763,0.8095652461051941
6,6.415016840485966,0.02078189142048359,0.022279437631368637,0.01999744400382042,0.8180800080299377,0.0,0.0,0.0,6.413185854027741,0.019742492586374283,0.020841846242547035,0.019166648387908936,0.8299054503440857
7,6.396179651512819,0.018842920660972595,0.01990441046655178,0.01828690432012081,0.8394138813018799,0.0,0.0,0.0,6.388116060382258,0.0178323183208704,0.01873761974275112,0.01735810562968254,0.8509179949760437
8,6.427592591327779,0.022598369047045708,0.024283718317747116,0.021715564653277397,0.8084983825683594,0.0,0.0,0.0,6.391895983340967,0.018406162038445473,0.019602105021476746,0.01777971349656582,0.8429017663002014
9,6.407988282687524,0.02022777684032917,0.021584121510386467,0.01951730065047741,0.8285619020462036,0.0,0.0,0.0,6.450609147983746,0.025264903903007507,0.026678549125790596,0.02452443726360798,0.7447797060012817
10,6.399732261019595,0.019643496721982956,0.02076669968664646,0.019055142998695374,0.8278561234474182,0.0,0.0,0.0,6.377032958678085,0.01697067730128765,0.01777699962258339,0.016548307612538338,0.859918475151062
11,6.37729242707,0.01642722636461258,0.01729004457592964,0.015975264832377434,0.8670211434364319,0.0,0.0,0.0,6.372208776265166,0.01588618941605091,0.01687893271446228,0.015366173349320889,0.8726969957351685
12,6.452168328797116,0.026149066165089607,0.028232354670763016,0.025057852268218994,0.7748315930366516,0.0,0.0,0.0,6.3950862049186314,0.01910439319908619,0.02022932842373848,0.01851513236761093,0.8182331323623657
13,6.378335236626513,0.01712518185377121,0.018128743395209312,0.016599534079432487,0.8544476628303528,0.0,0.0,0.0,6.371816394972975,0.01563478447496891,0.01651494763791561,0.015173743478953838,0.8734197616577148
14,6.362630809931194,0.015359540469944477,0.01615762524306774,0.014941507019102573,0.8778208494186401,0.0,0.0,0.0,6.371917818584581,0.015271098352968693,0.0165597852319479,0.014596072025597095,0.8827905058860779
15,6.360793595804887,0.014639027416706085,0.015287375077605247,0.014299411326646805,0.886763870716095,0.0,0.0,0.0,6.351067306351488,0.014264987781643867,0.014950636774301529,0.01390584371984005,0.8911541700363159
16,6.366554808967254,0.015032370574772358,0.015783799812197685,0.014638755470514297,0.883939266204834,0.0,0.0,0.0,6.3619150314887944,0.014289529994130135,0.014756932854652405,0.014044702053070068,0.8902305960655212
17,6.355664419777253,0.0137557964771986,0.014308839105069637,0.013466108590364456,0.8968666791915894,0.0,0.0,0.0,6.344798648444406,0.013252446427941322,0.01362359244376421,0.013058038428425789,0.9026352167129517
18,6.355175513555022,0.01398010179400444,0.014532666653394699,0.01369065884500742,0.8944759368896484,0.0,0.0,0.0,6.345054191394444,0.012961086817085743,0.013489698059856892,0.01268419623374939,0.9058451056480408
19,6.347782385699889,0.01275763288140297,0.013201256282627583,0.012525256723165512,0.9078075885772705,0.0,0.0,0.0,6.345184562850172,0.012359932996332645,0.012791345827281475,0.012133951298892498,0.9116822481155396
20,6.352583800168598,0.01285113487392664,0.013280916959047318,0.012626007199287415,0.9073777794837952,0.0,0.0,0.0,6.3438646636740135,0.013611957430839539,0.014238210394978523,0.013283918611705303,0.9005883932113647
21,6.3435549175038055,0.012267839163541794,0.012546141631901264,0.012122058309614658,0.9133843779563904,0.0,0.0,0.0,6.338031942826988,0.011585403233766556,0.011777977459132671,0.011484535411000252,0.9195960164070129
22,6.340033699484432,0.011500178836286068,0.01177909504622221,0.011354079470038414,0.9212822318077087,0.0,0.0,0.0,6.339584500250155,0.011472192592918873,0.01152979675680399,0.011442018672823906,0.9227243661880493
23,6.337901930598652,0.011516246944665909,0.011675731278955936,0.011432718485593796,0.920668363571167,0.0,0.0,0.0,6.328644338315421,0.010962996631860733,0.011001619510352612,0.010942773893475533,0.9259366989135742
24,6.363157107549555,0.015717972069978714,0.015802830457687378,0.015673546120524406,0.8757617473602295,0.0,0.0,0.0,6.338874987442128,0.01274426095187664,0.012419460341334343,0.012914394028484821,0.899752140045166
25,6.343269608476582,0.012052367441356182,0.01211557537317276,0.01201925054192543,0.9130465388298035,0.0,0.0,0.0,6.3346370014831095,0.011461026966571808,0.011411003768444061,0.011487237177789211,0.9205902814865112
26,6.336322662584922,0.011279300786554813,0.011365821585059166,0.0112339798361063,0.9243007898330688,0.0,0.0,0.0,6.3344883570705885,0.010804964229464531,0.01087906677275896,0.010766152292490005,0.9288361072540283
27,6.393527635756661,0.01788572408258915,0.018307194113731384,0.017664942890405655,0.858631432056427,0.0,0.0,0.0,6.348803857817267,0.013364547863602638,0.013170501217246056,0.013466193340718746,0.8967942595481873
28,6.367481549873071,0.015320811420679092,0.015516240149736404,0.015218432992696762,0.8799744844436646,0.0,0.0,0.0,6.343957887078724,0.012489352375268936,0.012556791305541992,0.012454031966626644,0.9116132259368896
29,6.343359930550351,0.012215454131364822,0.012408195063471794,0.012114491313695908,0.9155175089836121,0.0,0.0,0.0,6.33754119385768,0.011800114996731281,0.011945902369916439,0.01172375027090311,0.9197812080383301
30,6.338977476253229,0.011576484888792038,0.011752269230782986,0.011484389193356037,0.9222184419631958,0.0,0.0,0.0,6.342562397031019,0.01188583206385374,0.012713804841041565,0.011452133767306805,0.9239848256111145
31,6.3366008129189995,0.011094332672655582,0.011270539835095406,0.011002043262124062,0.9274290800094604,0.0,0.0,0.0,6.332578815682961,0.010730593465268612,0.010684744454920292,0.010754604823887348,0.9298029541969299
32,6.331404224914663,0.010629819706082344,0.010749964974820614,0.010566888377070427,0.9316619038581848,0.0,0.0,0.0,6.33925104837348,0.01027772668749094,0.010279974900186062,0.010276548564434052,0.9339600801467896
33,6.331398970940533,0.010386241599917412,0.010551718063652515,0.010299560613930225,0.9339501261711121,0.0,0.0,0.0,6.329626149504724,0.010122132487595081,0.010201946832239628,0.010080327279865742,0.9358277916908264
34,6.331840618568308,0.010169830173254013,0.010288795456290245,0.010107527486979961,0.9358250498771667,0.0,0.0,0.0,6.334884587865677,0.009870284236967564,0.009956187568604946,0.009825288318097591,0.9383158087730408
35,6.328066270141041,0.009987926110625267,0.01007444690912962,0.009942609816789627,0.937463641166687,0.0,0.0,0.0,6.326123878033492,0.009993121027946472,0.01025417447090149,0.00985637865960598,0.9385009407997131
36,6.328622522599557,0.00977181177586317,0.009862210601568222,0.009724456816911697,0.9398580193519592,0.0,0.0,0.0,6.333312751602953,0.010423574596643448,0.01022968627512455,0.010525133460760117,0.9341439008712769
37,6.329393930294934,0.009578295052051544,0.009649920277297497,0.009540775790810585,0.9414821863174438,0.0,0.0,0.0,6.327043380180415,0.009350290521979332,0.009360783733427525,0.009344794787466526,0.9429187178611755
38,6.32784975977505,0.009625019505620003,0.009754082188010216,0.009557420387864113,0.9410719871520996,0.0,0.0,0.0,6.324388959982099,0.00924768391996622,0.00931940320879221,0.009210117161273956,0.9441842436790466
39,6.326897325761178,0.009259533137083054,0.009387513622641563,0.009192493744194508,0.9447863101959229,0.0,0.0,0.0,6.327269634191137,0.00907372497022152,0.009213973768055439,0.009000255726277828,0.9463249444961548
40,6.326728322050151,0.009088629856705666,0.009205481968820095,0.00902741402387619,0.9466784000396729,0.0,0.0,0.0,6.325359553316214,0.008859660476446152,0.008926989510655403,0.008824391290545464,0.9484596848487854
41,6.3235959594740585,0.008929958567023277,0.009061886928975582,0.008860856294631958,0.9481948614120483,0.0,0.0,0.0,6.320668996685613,0.008750473149120808,0.00886906124651432,0.008688349276781082,0.9503095746040344
42,6.3529051857836105,0.013026556000113487,0.013370929285883904,0.012846171855926514,0.9073942303657532,0.0,0.0,0.0,6.328859625071504,0.010514797642827034,0.010443896055221558,0.010551940649747849,0.9290245771408081
43,6.328382524497369,0.009941496886312962,0.010034795850515366,0.009892632253468037,0.9379162788391113,0.0,0.0,0.0,6.323722647924493,0.009315980598330498,0.009271015413105488,0.009339539334177971,0.9438037276268005
44,6.326994809157708,0.009154669009149075,0.009216218255460262,0.009122428484261036,0.9464935064315796,0.0,0.0,0.0,6.32900756641026,0.008845232427120209,0.008869931101799011,0.008832295425236225,0.9490827322006226
45,6.322237354867599,0.009129096753895283,0.009154967032372952,0.009115548804402351,0.9458354711532593,0.0,0.0,0.0,6.319854405674621,0.008507026359438896,0.008433989249169827,0.008545277640223503,0.9516898393630981
46,6.321790730251985,0.00848387647420168,0.008510860614478588,0.008469740860164165,0.9525091648101807,0.0,0.0,0.0,6.319211047931309,0.008281872607767582,0.008243178948760033,0.008302141912281513,0.9537414312362671
47,6.322247581446872,0.00831363070756197,0.00836099311709404,0.008288828656077385,0.9541107416152954,0.0,0.0,0.0,6.323502192532059,0.008353414945304394,0.008447582833468914,0.008304089307785034,0.9546857476234436
48,6.319765038350049,0.00826952699571848,0.008345630019903183,0.008229667320847511,0.9546442627906799,0.0,0.0,0.0,6.329850691078353,0.008140349760651588,0.008216497488319874,0.008100463077425957,0.9554862976074219
49,6.320566186133553,0.00818734522908926,0.008247767575085163,0.00815569143742323,0.9554613828659058,0.0,0.0,0.0,6.315346032163522,0.008186936378479004,0.008591008372604847,0.007975277490913868,0.9575113654136658
50,6.318885986419285,0.008066707290709019,0.00812504906207323,0.008036143146455288,0.9562520384788513,0.0,0.0,0.0,6.317194695020244,0.007808452472090721,0.007790985517203808,0.007817599922418594,0.9583476185798645
51,6.320935201118974,0.007861102931201458,0.00790795125067234,0.007836569100618362,0.9585351347923279,0.0,0.0,0.0,6.322780104449196,0.007709214463829994,0.0077419038861989975,0.007692091632634401,0.9599717855453491
52,6.320698044755879,0.007798486854881048,0.007855630479753017,0.007768556009978056,0.9589725732803345,0.0,0.0,0.0,6.320616917018473,0.007622511591762304,0.007664031349122524,0.007600761484354734,0.9607077836990356
53,6.319936139618649,0.007744649890810251,0.007813045755028725,0.007708829361945391,0.9596342444419861,0.0,0.0,0.0,6.317573178423582,0.00761810690164566,0.007703692652285099,0.007573272101581097,0.9604474306106567
54,6.317787659518859,0.007668781094253063,0.007698965724557638,0.007652976084500551,0.9596889615058899,0.0,0.0,0.0,6.324327409702496,0.007367474026978016,0.0073804897256195545,0.007360655348747969,0.9626815319061279
55,6.317067614373038,0.007312933448702097,0.007323101162910461,0.007307615131139755,0.9633700251579285,0.0,0.0,0.0,6.3126179562867994,0.0072533441707491875,0.007204185705631971,0.007279094774276018,0.9639669060707092
56,6.3300487995147705,0.009580514393746853,0.009627092629671097,0.009556126780807972,0.9389445781707764,0.0,0.0,0.0,6.32320817195586,0.007826706394553185,0.007768459618091583,0.007857219316065311,0.9582828879356384
57,6.319045704953811,0.007733602076768875,0.007769742049276829,0.0077146729454398155,0.9596514105796814,0.0,0.0,0.0,6.31764494067561,0.007443356793373823,0.007380840368568897,0.007476103026419878,0.9616097807884216
58,6.317570886191199,0.007468466181308031,0.007493769284337759,0.007455212529748678,0.9619565010070801,0.0,0.0,0.0,6.31999184963477,0.00734508503228426,0.007329012267291546,0.007353499997407198,0.9631623029708862
59,6.317428226856625,0.00733146583661437,0.007341714575886726,0.007326106540858746,0.9632738828659058,0.0,0.0,0.0,6.324849414129327,0.007173474878072739,0.007139203604310751,0.007191432174295187,0.964399516582489
60,6.317531702273032,0.007193201221525669,0.007160554174333811,0.007210297975689173,0.9645316004753113,0.0,0.0,0.0,6.309353236734432,0.0070706442929804325,0.007040450815111399,0.007086461875587702,0.965570330619812
61,6.315341364811449,0.007148911710828543,0.007132519967854023,0.007157502695918083,0.9649003148078918,0.0,0.0,0.0,6.3159176311353695,0.007011381909251213,0.006978889927268028,0.00702840369194746,0.9659824371337891
62,6.315995204098084,0.007047179155051708,0.007039697840809822,0.0070510986261069775,0.9659202694892883,0.0,0.0,0.0,6.313795406452931,0.006831327453255653,0.006752351764589548,0.006872694008052349,0.9672135710716248
63,6.314545380718568,0.007239376660436392,0.007208968047052622,0.00725530693307519,0.9629206657409668,0.0,0.0,0.0,6.322228623132636,0.008352740667760372,0.008170755580067635,0.00844806618988514,0.9464452266693115
64,6.31431666542502,0.007175972685217857,0.007114341016858816,0.007208256516605616,0.9635598659515381,0.0,0.0,0.0,6.312227924374769,0.006804871838539839,0.006700356490910053,0.006859618704766035,0.9672006964683533
65,6.31442499599036,0.006659844424575567,0.006566483061760664,0.006708747707307339,0.9688729643821716,0.0,0.0,0.0,6.312428018472491,0.0065170107409358025,0.006369263399392366,0.006594398990273476,0.9697173833847046
66,6.31559906111044,0.006551154889166355,0.006483718752861023,0.006586472038179636,0.969989001750946,0.0,0.0,0.0,6.318165250068163,0.006405828986316919,0.006281550042331219,0.006470926571637392,0.970706045627594
67,6.31438035474104,0.006522571202367544,0.006473243702203035,0.006548406556248665,0.9703603386878967,0.0,0.0,0.0,6.321956606676979,0.00653280783444643,0.006463113706558943,0.006569312885403633,0.9701040387153625
68,6.312852144241333,0.006434722803533077,0.006381024140864611,0.006462850607931614,0.9710499048233032,0.0,0.0,0.0,6.319316474190594,0.0071966806426644325,0.0069596655666828156,0.007320834323763847,0.9673559665679932
69,6.31126361647073,0.006382238119840622,0.006331191398203373,0.006408975925296545,0.9715222716331482,0.0,0.0,0.0,6.310958162711485,0.006247536279261112,0.006193192210048437,0.006276004947721958,0.9721028804779053
70,6.315210815738229,0.006359226536005735,0.006325217429548502,0.006377045996487141,0.9714979529380798,0.0,0.0,0.0,6.3146374103796745,0.006467992439866066,0.0066657294519245625,0.006364420056343079,0.9728094339370728
71,6.314516781884081,0.006294460501521826,0.0062576597556471825,0.006313740741461515,0.9723320007324219,0.0,0.0,0.0,6.315848820400934,0.00619637593626976,0.00610352074727416,0.006245017983019352,0.9726436734199524
72,6.313739177058725,0.006139645352959633,0.006100730504840612,0.00616002082824707,0.9734770655632019,0.0,0.0,0.0,6.310881064756074,0.006183220073580742,0.006096683442592621,0.006228551268577576,0.9730332493782043
73,6.313987261232207,0.00611852714791894,0.0060656084679067135,0.006146246567368507,0.9736259579658508,0.0,0.0,0.0,6.310171538025793,0.00588084664195776,0.0057825143449008465,0.005932355299592018,0.9750827550888062
74,6.311289872316753,0.006026454269886017,0.005992086138576269,0.006044455338269472,0.974493682384491,0.0,0.0,0.0,6.318829028275761,0.007976544089615345,0.0078025697730481625,0.008067675866186619,0.9587403535842896
75,6.31048571274561,0.005979741923511028,0.005920632742345333,0.006010706536471844,0.9745559692382812,0.0,0.0,0.0,6.316103326143139,0.005794511176645756,0.005733988713473082,0.005826214328408241,0.9762270450592041
76,6.309828147292137,0.005919298157095909,0.005888666026294231,0.0059353383257985115,0.9752768278121948,0.0,0.0,0.0,6.346283815202922,0.014057003892958164,0.013067453168332577,0.014575336128473282,0.8802711963653564
77,6.310442175058758,0.0062774308025836945,0.0061324224807322025,0.0063533904030919075,0.9713597893714905,0.0,0.0,0.0,6.315128169790672,0.005666686221957207,0.005542145110666752,0.005731923505663872,0.9767070412635803
78,6.309063179528012,0.00569871487095952,0.0056397453881800175,0.0057296063750982285,0.9768314361572266,0.0,0.0,0.0,6.31492780420902,0.005658379290252924,0.00556992506608367,0.005704713519662619,0.977294385433197
79,6.310908378047102,0.005614192225039005,0.0055586243979632854,0.005643296986818314,0.9774314761161804,0.0,0.0,0.0,6.3151828842441535,0.0055617219768464565,0.005487903952598572,0.005600390024483204,0.9776552319526672
80,6.309822554097456,0.005733527708798647,0.005703822709619999,0.005749079864472151,0.9765039086341858,0.0,0.0,0.0,6.314045819052814,0.0059224083088338375,0.005816350691020489,0.005977962166070938,0.9738703370094299
81,6.3098885539700005,0.005612025503069162,0.005570425186306238,0.005633820779621601,0.9773752689361572,0.0,0.0,0.0,6.314242985996887,0.005923213437199593,0.005893622990697622,0.005938712973147631,0.9747169613838196
82,6.3111740464673325,0.005566898733377457,0.005535324104130268,0.005583435762673616,0.9778878688812256,0.0,0.0,0.0,6.311026747209312,0.005512774921953678,0.005492768716067076,0.005523256026208401,0.9781699776649475
83,6.3122327310197495,0.005545346066355705,0.0055099125020205975,0.005563908722251654,0.977936327457428,0.0,0.0,0.0,6.316214839907458,0.0054418426007032394,0.005366485565900803,0.00548131437972188,0.978515088558197
84,6.311620239825809,0.005999991204589605,0.005947816651314497,0.006027321796864271,0.9737276434898376,0.0,0.0,0.0,6.316077503844769,0.005558392498642206,0.005465369205921888,0.005607121158391237,0.9774161577224731
85,6.312247375355048,0.005479528568685055,0.005425980314612389,0.005507578141987324,0.9784698486328125,0.0,0.0,0.0,6.313427559650727,0.005437149200588465,0.005469716619700193,0.0054200924932956696,0.9791719913482666
86,6.309251022689483,0.005344000179320574,0.005290249828249216,0.005372156389057636,0.9795028567314148,0.0,0.0,0.0,6.307420264195351,0.005342109594494104,0.005315800663083792,0.005355890840291977,0.9796387553215027
87,6.309710285242866,0.005306398030370474,0.0052569215185940266,0.005332316737622023,0.9798325896263123,0.0,0.0,0.0,6.309050761870224,0.005280076060444117,0.005193354096263647,0.00532549899071455,0.9802512526512146
88,6.313347345765899,0.006138789001852274,0.006135996431112289,0.006140250712633133,0.9704301357269287,0.0,0.0,0.0,6.313547844434306,0.007244804874062538,0.007187243551015854,0.007274954114109278,0.9617989659309387
89,6.310841255328235,0.00605084327980876,0.005954463966190815,0.00610132934525609,0.9729440212249756,0.0,0.0,0.0,6.317282443499043,0.005726732313632965,0.005765927955508232,0.00570619897916913,0.9762321710586548
90,6.314052026061451,0.005545737687498331,0.005472064018249512,0.005584330298006535,0.9774074554443359,0.0,0.0,0.0,6.313939494808225,0.005438441876322031,0.005335609894245863,0.005492304917424917,0.9777451157569885
91,6.314524649697192,0.0067048706114292145,0.0065854513086378574,0.0067674205638468266,0.9669286012649536,0.0,0.0,0.0,6.306176711172953,0.005633838940411806,0.005488978233188391,0.005709721706807613,0.9766871929168701
92,6.309999600052834,0.0055660889483988285,0.005483943969011307,0.0056091183796525,0.9776289463043213,0.0,0.0,0.0,6.309208821206197,0.00555194728076458,0.0055369120091199875,0.005559823475778103,0.9776948094367981
93,6.3096055747831565,0.005411473102867603,0.005356177221983671,0.005440436769276857,0.97892165184021,0.0,0.0,0.0,6.307561651633604,0.005500964354723692,0.005523287691175938,0.005489271134138107,0.9788433313369751
94,6.316832993836964,0.005765003152191639,0.005728375632315874,0.00578418979421258,0.974514901638031,0.0,0.0,0.0,6.338167486399629,0.013610245659947395,0.01299837976694107,0.013930746354162693,0.8930342197418213
95,6.313185788252774,0.005881934892386198,0.0057280408218503,0.005962548311799765,0.9741131067276001,0.0,0.0,0.0,6.311873133165123,0.005310414358973503,0.005206089001148939,0.005365059711039066,0.9791004657745361
96,6.310781409635263,0.005305401515215635,0.005241015926003456,0.00533912843093276,0.9794319272041321,0.0,0.0,0.0,6.312795722571603,0.005273835733532906,0.005273430608212948,0.005274047609418631,0.9798802733421326
97,6.307900896843742,0.005173873621970415,0.005094296298921108,0.005215554032474756,0.9802868962287903,0.0,0.0,0.0,6.305124157536639,0.005138397682458162,0.005025168415158987,0.005197707563638687,0.9804357886314392
98,6.306390038307975,0.005198884289711714,0.005150420591235161,0.0052242702804505825,0.9802904725074768,0.0,0.0,0.0,6.310722271021265,0.0050923991948366165,0.005010154563933611,0.005135479848831892,0.9808453321456909
99,6.309619687059346,0.005125817377120256,0.005076445173472166,0.005151678342372179,0.9808058142662048,0.0,0.0,0.0,6.308342794432257,0.00503465486690402,0.004931143019348383,0.005088875535875559,0.9811261892318726
100,6.308126849286697,0.005248091649264097,0.005200125277042389,0.005273218732327223,0.9799268245697021,0.0,0.0,0.0,6.310700423526068,0.005020265933126211,0.004936010576784611,0.005064401309937239,0.9812124967575073
101,6.304752933628419,0.00507069006562233,0.005012149922549725,0.005101351998746395,0.9811261296272278,0.0,0.0,0.0,6.30577443463959,0.005029291845858097,0.0049584670923650265,0.005066392477601767,0.9812370538711548
102,6.311108166680617,0.005055539775639772,0.005012463312596083,0.005078104790300131,0.9812861084938049,0.0,0.0,0.0,6.302122004710845,0.00504858884960413,0.005018799100071192,0.005064194556325674,0.9815950989723206
103,6.310447364169009,0.005087953060865402,0.005059195216745138,0.005103020463138819,0.9811373353004456,0.0,0.0,0.0,6.308607359002107,0.005016388837248087,0.004989149514585733,0.005030657630413771,0.9815930724143982
104,6.308622285723686,0.0050996216014027596,0.005053226370364428,0.005123923998326063,0.9806562066078186,0.0,0.0,0.0,6.312381817476592,0.004948595073074102,0.0048751868307590485,0.0049870493821799755,0.9818259477615356
105,6.3118800240404465,0.004993889015167952,0.0049532558768987656,0.005015172064304352,0.981839120388031,0.0,0.0,0.0,6.309178042585832,0.004916711710393429,0.004839515313506126,0.004957147408276796,0.9820887446403503
106,6.307475927121499,0.004999742843210697,0.004968946799635887,0.005015875678509474,0.9818525910377502,0.0,0.0,0.0,6.3156853522697505,0.004845856688916683,0.0047529879957437515,0.0048945024609565735,0.9824954867362976
107,6.310279804117539,0.004910599440336227,0.004876065533608198,0.004928687121719122,0.982414722442627,0.0,0.0,0.0,6.302214451949962,0.005007900297641754,0.004952413495630026,0.0050369626842439175,0.9819758534431458
108,6.316689798937125,0.0066849179565906525,0.006563846487551928,0.006748336832970381,0.9645476341247559,0.0,0.0,0.0,6.314735986890584,0.005619716830551624,0.0053789205849170685,0.005745845381170511,0.9755794405937195
109,6.311693060924025,0.005318414885550737,0.005175970960408449,0.005393023137003183,0.9786946773529053,0.0,0.0,0.0,6.314695741138319,0.005135213956236839,0.00505698099732399,0.00517619401216507,0.9804440140724182
110,6.31104456940118,0.005071592051535845,0.004998709075152874,0.005109771154820919,0.9810757637023926,0.0,0.0,0.0,6.320389726736249,0.004946935921907425,0.004836218897253275,0.005004932172596455,0.9815660119056702
111,6.305893888368326,0.004954795818775892,0.004880570340901613,0.00499367993324995,0.9819769859313965,0.0,0.0,0.0,6.314411549672593,0.005585457198321819,0.006525535136461258,0.005093037616461515,0.9815945625305176
112,6.307525524321725,0.0049231527373194695,0.004872986115515232,0.004949436988681555,0.9823683500289917,0.0,0.0,0.0,6.308406398244148,0.0048472038470208645,0.004833722021430731,0.004854261875152588,0.9827119708061218
113,6.308837863452294,0.004896094091236591,0.004858127795159817,0.004915975499898195,0.9826100468635559,0.0,0.0,0.0,6.308636696669307,0.005132138729095459,0.00527833541855216,0.005055557936429977,0.9815558791160583
114,6.3079581830431435,0.004810757469385862,0.004760207608342171,0.004837237298488617,0.9830859899520874,0.0,0.0,0.0,6.307490084293115,0.00476793060079217,0.004702746402472258,0.0048020766116678715,0.983153760433197
115,6.307776903404909,0.005141411442309618,0.005056863650679588,0.005185698624700308,0.9797716736793518,0.0,0.0,0.0,6.3071709723368174,0.004737940151244402,0.004664859734475613,0.004776220768690109,0.9832677841186523
116,6.307525555000586,0.00474812975153327,0.004698208998888731,0.004774273838847876,0.9834299683570862,0.0,0.0,0.0,6.311159137391696,0.004666492808610201,0.004588129464536905,0.0047075399197638035,0.9837507009506226
117,6.309562519192696,0.004707094747573137,0.004659972153604031,0.004731778521090746,0.9837937355041504,0.0,0.0,0.0,6.311798840543649,0.004703718703240156,0.004610275384038687,0.004752665292471647,0.9838573932647705
118,6.308674106703085,0.004768776707351208,0.004718186799436808,0.00479527423158288,0.98341304063797,0.0,0.0,0.0,6.309630171225889,0.004589213989675045,0.004518183413892984,0.00462642265483737,0.9843236804008484
119,6.307790897348347,0.004692199174314737,0.004649336915463209,0.004714652430266142,0.9839047789573669,0.0,0.0,0.0,6.310276504850735,0.0048184520564973354,0.005029401741921902,0.004707954823970795,0.9840870499610901
120,6.3084747037466835,0.004612978082150221,0.004566873423755169,0.004637131467461586,0.9844996333122253,0.0,0.0,0.0,6.3074967217271345,0.004672412294894457,0.004671900067478418,0.004672680981457233,0.9843327403068542
121,6.311125544064185,0.004660019185394049,0.004633898846805096,0.004673701245337725,0.9842920899391174,0.0,0.0,0.0,6.2990500213455975,0.004662065301090479,0.0045785848051309586,0.004705793224275112,0.9840081930160522
122,6.307040353908258,0.004607933573424816,0.004569643177092075,0.004627992399036884,0.9845870733261108,0.0,0.0,0.0,6.30817364254137,0.004530512262135744,0.0044812834821641445,0.0045562973245978355,0.9849053025245667
123,6.311388775706291,0.005318753886967897,0.005293217953294516,0.005332124885171652,0.977069079875946,0.0,0.0,0.0,6.323494392589931,0.008283731527626514,0.00783188920468092,0.008520413190126419,0.9495664238929749
124,6.306841449702487,0.005581116769462824,0.005386123899370432,0.005683256313204765,0.9767236113548279,0.0,0.0,0.0,6.316087517425092,0.005048743449151516,0.0050187851302325726,0.005064434837549925,0.9815559983253479
125,6.308711300877964,0.004900469444692135,0.004809939302504063,0.00494788633659482,0.9822883605957031,0.0,0.0,0.0,6.309311456053797,0.004728901665657759,0.00461551733314991,0.004788294900208712,0.9832217693328857
126,6.311074435710907,0.004689423367381096,0.004609979689121246,0.0047310348600149155,0.9837758541107178,0.0,0.0,0.0,6.305487789376809,0.004579467698931694,0.004448859486728907,0.004647882655262947,0.9841121435165405
127,6.306077119182138,0.004617119673639536,0.004551771096885204,0.004651353228837252,0.9843248724937439,0.0,0.0,0.0,6.308624723531904,0.004524842370301485,0.004428362473845482,0.004575381055474281,0.9846343994140625
128,6.306632389040554,0.004617826081812382,0.004565489012748003,0.004645242355763912,0.9843992590904236,0.0,0.0,0.0,6.3136595217850955,0.004605579189956188,0.004680792335420847,0.004566179122775793,0.9848602414131165
129,6.308777745155727,0.004529992584139109,0.004482960794121027,0.0045546251349151134,0.9850128293037415,0.0,0.0,0.0,6.31154229519141,0.004456313326954842,0.0043597230687737465,0.0045069060288369656,0.9852060079574585
130,6.306378205032909,0.004516505170613527,0.004478137940168381,0.004536599386483431,0.9851870536804199,0.0,0.0,0.0,6.305905432596694,0.004763755481690168,0.0048317317850887775,0.004728150554001331,0.9835330247879028
131,6.310787256149685,0.004521195311099291,0.0044920421205461025,0.0045364657416939735,0.9851479530334473,0.0,0.0,0.0,6.304165269336561,0.004488041158765554,0.004518181085586548,0.004472255241125822,0.9852762818336487
132,6.306982972166118,0.00445422763004899,0.004408895503729582,0.004477973561733961,0.9855387210845947,0.0,0.0,0.0,6.307945637807359,0.004374493379145861,0.004281078930944204,0.004423422738909721,0.9857518076896667
133,6.309729692690513,0.004451979883015156,0.004415217321366072,0.004471237305551767,0.9856301546096802,0.0,0.0,0.0,6.306145476598809,0.0043437122367322445,0.004255602136254311,0.004389864858239889,0.9859521389007568
134,6.305489487507764,0.004518301226198673,0.004488227888941765,0.004534055013209581,0.9851224422454834,0.0,0.0,0.0,6.307574348728152,0.0044481935910880566,0.004373230971395969,0.004487460013478994,0.985509991645813
135,6.311658821561757,0.004390195943415165,0.0043628220446407795,0.004404537379741669,0.986013650894165,0.0,0.0,0.0,6.306574121878965,0.004537348169833422,0.004554391838610172,0.004528420977294445,0.9857097864151001
136,6.3091034021447685,0.0044509852305054665,0.004426516592502594,0.004463803023099899,0.9854544401168823,0.0,0.0,0.0,6.30241473747866,0.004304617643356323,0.004217499867081642,0.0043502491898834705,0.986115574836731
137,6.306533891488524,0.004563198424875736,0.004518542438745499,0.0045865909196436405,0.9845210909843445,0.0,0.0,0.0,6.309349634351522,0.004301351960748434,0.0042290640994906425,0.004339217208325863,0.9862926006317139
138,6.305142033626051,0.004291721154004335,0.004252504091709852,0.004312263801693916,0.9864969849586487,0.0,0.0,0.0,6.3108060655802705,0.004309145733714104,0.0042680478654801846,0.0043306732550263405,0.9862613677978516
139,6.3087405360796875,0.005304422229528427,0.005264265462756157,0.0053254589438438416,0.9773080348968506,0.0,0.0,0.0,6.3077566084200445,0.00539507158100605,0.0052003622986376286,0.0054970597848296165,0.9776595234870911
140,6.311799416647238,0.004751367494463921,0.004632978234440088,0.004813376814126968,0.982852041721344,0.0,0.0,0.0,6.310669752803162,0.004490974359214306,0.00435915170237422,0.004560025874525309,0.9846687912940979
141,6.308802399565192,0.004425296559929848,0.004350296221673489,0.004464579746127129,0.9852930903434753,0.0,0.0,0.0,6.310213551904163,0.004377024248242378,0.004315194673836231,0.004409412387758493,0.9856414198875427
142,6.308402217486325,0.00435212766751647,0.0042879036627709866,0.00438576890155673,0.9859243035316467,0.0,0.0,0.0,6.300956586851691,0.00427713617682457,0.0041763694025576115,0.004329921677708626,0.9862094521522522
143,6.307944896466592,0.004322351422160864,0.004279070533812046,0.004345023073256016,0.9862289428710938,0.0,0.0,0.0,6.307185782133228,0.004378600046038628,0.004457597620785236,0.004337220918387175,0.9862621426582336
144,6.3083383651340705,0.004359763115644455,0.004325065296143293,0.004377934616059065,0.9860365390777588,0.0,0.0,0.0,6.3110014504759855,0.0042404127307236195,0.004157638642936945,0.004283772315829992,0.986765444278717
145,6.305113446186571,0.004336955491453409,0.004306015092879534,0.004353162366896868,0.9861714839935303,0.0,0.0,0.0,6.316208693232849,0.004444762133061886,0.004521572031080723,0.00440452853217721,0.9863230586051941
146,6.305659579003558,0.00425843708217144,0.0042266142554581165,0.004275107756257057,0.9868208765983582,0.0,0.0,0.0,6.302391953711962,0.0043989731930196285,0.004643481224775314,0.0042708986438810825,0.9868175387382507
147,6.307935663882424,0.0042481436394155025,0.0042342133820056915,0.004255434963852167,0.9869429469108582,0.0,0.0,0.0,6.3056940336297025,0.00435975007712841,0.004357458092272282,0.004360951017588377,0.9865344166755676
148,6.308469974819352,0.004707326181232929,0.004677336663007736,0.004723036661744118,0.9829059839248657,0.0,0.0,0.0,6.313269155738998,0.004357705358415842,0.00429900037124753,0.004388452973216772,0.9854929447174072
149,6.306453107034459,0.004219501279294491,0.004168826621025801,0.004246044438332319,0.9865809082984924,0.0,0.0,0.0,6.304659380529919,0.004137149080634117,0.004078990779817104,0.004167614039033651,0.9871010184288025
150,6.308341698611484,0.00416070269420743,0.0041382769122719765,0.004172450862824917,0.9872670769691467,0.0,0.0,0.0,6.310728424657,0.004204049706459045,0.004196529742330313,0.004207989666610956,0.9870233535766602
151,6.307359054684639,0.004134504124522209,0.004109720699489117,0.004147485364228487,0.9874672889709473,0.0,0.0,0.0,6.310675558382577,0.004209849517792463,0.0043036844581365585,0.004160698968917131,0.9872595071792603
152,6.315369284328292,0.0068976194597780704,0.006855470594018698,0.006919702049344778,0.9610838294029236,0.0,0.0,0.0,6.310524815190448,0.0053595746867358685,0.0051419115625321865,0.005473586264997721,0.9776223301887512
153,6.3093004095203735,0.005120309069752693,0.005005578510463238,0.005180408712476492,0.9800149202346802,0.0,0.0,0.0,6.3077230001018,0.004890501499176025,0.004830663558095694,0.004921845160424709,0.9819644093513489
154,6.310410525868921,0.004790456499904394,0.004725080914795399,0.004824697505682707,0.9827336668968201,0.0,0.0,0.0,6.312859260252792,0.004669026006013155,0.004572366364300251,0.004719657823443413,0.9834836721420288
155,6.307771595961907,0.004635204561054707,0.004579853732138872,0.004664198961108923,0.9839790463447571,0.0,0.0,0.0,6.314360705605389,0.00448797969147563,0.004413067363202572,0.004527219571173191,0.9846298098564148
156,6.308856147177079,0.004605577327311039,0.004553121514618397,0.004633054602891207,0.9843928217887878,0.0,0.0,0.0,6.304194944618392,0.004503612872213125,0.004490803461521864,0.004510320723056793,0.985069215297699
157,6.3063833284027435,0.004507147707045078,0.004477806854993105,0.004522520117461681,0.9849146604537964,0.0,0.0,0.0,6.307166649477325,0.004331374075263739,0.0042459480464458466,0.004376120399683714,0.9857125878334045
158,6.30770902949221,0.005134372506290674,0.0050928727723658085,0.005156110972166061,0.978793203830719,0.0,0.0,0.0,6.311922181261717,0.005711568985134363,0.005485860165208578,0.005829798523336649,0.9749490022659302
159,6.310695023221128,0.0048709469847381115,0.004734777845442295,0.004942270461469889,0.9821410179138184,0.0,0.0,0.0,6.308928005886774,0.004605025053024292,0.0045729270204901695,0.004621841013431549,0.9843465685844421
160,6.31059944016092,0.004515328910201788,0.004451496060937643,0.004548763856291771,0.9848734736442566,0.0,0.0,0.0,6.311531300092265,0.00437258230522275,0.004274220205843449,0.0044241053983569145,0.9855324029922485
161,6.306551992893219,0.004426289815455675,0.004385513253509998,0.00444765156134963,0.9856160283088684,0.0,0.0,0.0,6.303913102532825,0.004510986153036356,0.004454207606613636,0.004540727473795414,0.9858068823814392
162,6.307300184579456,0.004367634654045105,0.004338737111538649,0.00438277842476964,0.9860745668411255,0.0,0.0,0.0,6.312275075564419,0.004344928078353405,0.004309604410082102,0.004363429732620716,0.9858719110488892
163,6.310711561756976,0.004321040585637093,0.0043003917671740055,0.004331858363002539,0.9863976836204529,0.0,0.0,0.0,6.306576568714894,0.004244089126586914,0.004197351168841124,0.004268573597073555,0.9865157008171082
164,6.308125961352797,0.004274141043424606,0.004260564688593149,0.004281259141862392,0.9866796135902405,0.0,0.0,0.0,6.308628336356504,0.0041931988671422005,0.0041718133725225925,0.004204399883747101,0.9869757294654846
165,6.306045488399618,0.004301804583519697,0.004281379748135805,0.004312505014240742,0.9865867495536804,0.0,0.0,0.0,6.31170042761921,0.004268999211490154,0.004246933851391077,0.004280555993318558,0.9868360161781311
166,6.3080264391268,0.004188102204352617,0.004170130472630262,0.004197523929178715,0.987170934677124,0.0,0.0,0.0,6.303798988787797,0.0042091538198292255,0.004207189194858074,0.004210182465612888,0.9871723651885986
167,6.306193100178943,0.00424894317984581,0.004238252993673086,0.004254544619470835,0.986963152885437,0.0,0.0,0.0,6.308569626216471,0.004119154065847397,0.004061826970428228,0.004149184096604586,0.9873303174972534
168,6.30428042744889,0.004196997731924057,0.004167406819760799,0.004212497267872095,0.9871464967727661,0.0,0.0,0.0,6.312064487568653,0.00450380053371191,0.004372930619865656,0.00457235099747777,0.985227108001709
169,6.30327791501494,0.004147020168602467,0.004121572710573673,0.004160352051258087,0.9873448610305786,0.0,0.0,0.0,6.299424056589168,0.0040425993502140045,0.0039746821857988834,0.004078174941241741,0.9877303242683411
170,6.306358077946832,0.004374382086098194,0.004346716217696667,0.004388872534036636,0.9850876927375793,0.0,0.0,0.0,6.302302360534668,0.004216169472783804,0.004155482165515423,0.004247958771884441,0.9867667555809021
171,6.305126886157429,0.0041434611193835735,0.004122396465390921,0.004154493100941181,0.9873718023300171,0.0,0.0,0.0,6.302755108714974,0.0040468741208314896,0.003978751599788666,0.004082555882632732,0.9875983595848083
172,6.3074985716272804,0.004106109030544758,0.0040846629999578,0.004117338452488184,0.9876055121421814,0.0,0.0,0.0,6.31074850054553,0.0040873754769563675,0.004051758907735348,0.004106033127754927,0.9874507784843445
173,6.308264464139938,0.004373598378151655,0.00435055885463953,0.004385664127767086,0.9849816560745239,0.0,0.0,0.0,6.313207939593461,0.0040379674173891544,0.003976423759013414,0.0040702070109546185,0.9876222014427185
174,6.304688684204045,0.00408488605171442,0.004067661706358194,0.004093905910849571,0.987689197063446,0.0,0.0,0.0,6.30718737275061,0.004374645184725523,0.00440647266805172,0.004357972647994757,0.9871490597724915
175,6.305247568032321,0.00412759417667985,0.0041094194166362286,0.004137115087360144,0.9874834418296814,0.0,0.0,0.0,6.311204388193841,0.003973568789660931,0.0039169928058981895,0.0040032025426626205,0.9880630970001221
176,6.3062075990087845,0.0040333750657737255,0.004005537834018469,0.004047957248985767,0.9880644679069519,0.0,0.0,0.0,6.309327212563397,0.003979321103543043,0.003935221582651138,0.0040024202316999435,0.9881651997566223
177,6.310316048124257,0.0041715167462825775,0.004146982450038195,0.004184366669505835,0.986977756023407,0.0,0.0,0.0,6.310635893884366,0.004069789778441191,0.0039896792732179165,0.004111751448363066,0.9874948263168335
178,6.307850355611128,0.00398450531065464,0.003952963277697563,0.004001028370112181,0.9882122278213501,0.0,0.0,0.0,6.3086707191745734,0.0040360200218856335,0.003975910134613514,0.0040675075724720955,0.9879412055015564
179,6.3057198857559875,0.004010401200503111,0.003991884179413319,0.004020099062472582,0.9881985783576965,0.0,0.0,0.0,6.3071411891575275,0.003987136762589216,0.003954752814024687,0.004004100803285837,0.9880836009979248
180,6.30881943685167,0.004242905415594578,0.004219398368149996,0.004255214706063271,0.9861196875572205,0.0,0.0,0.0,6.299238629584765,0.003921413794159889,0.0038529993034899235,0.003957249224185944,0.9883338212966919
181,6.308917741565144,0.003983250353485346,0.003961046226322651,0.003994879778474569,0.988250732421875,0.0,0.0,0.0,6.3090425407799495,0.003908088896423578,0.00384345231577754,0.003941948059946299,0.9884563684463501
182,6.308110570206361,0.00402528140693903,0.004015784710645676,0.0040302579291164875,0.9881373047828674,0.0,0.0,0.0,6.318313783102662,0.006682048551738262,0.007491127122193575,0.00625824648886919,0.9655184745788574
183,6.306677801644101,0.003996237181127071,0.003951113671064377,0.004019871819764376,0.9880980253219604,0.0,0.0,0.0,6.303495194790137,0.0039149560034275055,0.003877755254507065,0.0039344411343336105,0.9884474277496338
184,6.305294686380555,0.003906973171979189,0.003887127386406064,0.0039173695258796215,0.9887410402297974,0.0,0.0,0.0,6.311613204705454,0.003937225788831711,0.003884952748194337,0.0039646076038479805,0.9884726405143738
185,6.307133663226576,0.003923217300325632,0.00391185749322176,0.003929173108190298,0.9887336492538452,0.0,0.0,0.0,6.309812068939209,0.003974946681410074,0.003950900863856077,0.003987543284893036,0.9883406162261963
186,6.306568437639405,0.0038940429221838713,0.003882022574543953,0.003900338662788272,0.9888412356376648,0.0,0.0,0.0,6.3020587245913315,0.004119841381907463,0.004415476694703102,0.003964985720813274,0.9885448813438416
187,6.304468732546358,0.003935020416975021,0.003925682511180639,0.003939913120120764,0.9885358214378357,0.0,0.0,0.0,6.313988191367936,0.004041212145239115,0.004021733067929745,0.004051415715366602,0.987555980682373
188,6.307263674104915,0.003903981065377593,0.003889412386342883,0.003911612555384636,0.9887471199035645,0.0,0.0,0.0,6.310101690083525,0.0039505986496806145,0.003915863577276468,0.003968794830143452,0.988528847694397
189,6.307349576669581,0.004844137467443943,0.004879186395555735,0.004825781565159559,0.9790422916412354,0.0,0.0,0.0,6.31383949822753,0.00558527372777462,0.005406621377915144,0.005678852554410696,0.9727121591567993
190,6.308389665449367,0.00454909959807992,0.0044716037809848785,0.004589693620800972,0.9837908744812012,0.0,0.0,0.0,6.310396267549835,0.004162144381552935,0.004072152078151703,0.00420928280800581,0.9869507551193237
191,6.306908257743892,0.004086996894329786,0.004054666962474585,0.004103930201381445,0.987667441368103,0.0,0.0,0.0,6.3066911279720115,0.003999014385044575,0.003943390678614378,0.004028149880468845,0.9880911111831665
192,6.307940343723578,0.003993398975580931,0.003971217665821314,0.004005020949989557,0.988369345664978,0.0,0.0,0.0,6.309265108874245,0.003959556110203266,0.003966797608882189,0.003955763299018145,0.9885660409927368
193,6.307899434776867,0.0038996273651719093,0.0038782935589551926,0.003910803236067295,0.9888405799865723,0.0,0.0,0.0,6.302196861183556,0.0038328783120959997,0.0037672242615371943,0.0038672680966556072,0.9889377951622009
194,6.309625024304671,0.005180285312235355,0.005078407935798168,0.005233651027083397,0.976773738861084,0.0,0.0,0.0,6.306906324233452,0.004498545546084642,0.004341787658631802,0.004580656997859478,0.9845485687255859
195,6.309123712427476,0.004308864939957857,0.004217968322336674,0.004356480669230223,0.9860472679138184,0.0,0.0,0.0,6.307525178811846,0.0041784001514315605,0.004099193029105663,0.004219891503453255,0.986883282661438
196,6.309730562217095,0.0041013131849467754,0.004045345354825258,0.004130630753934383,0.9874106049537659,0.0,0.0,0.0,6.311042138259777,0.004044609609991312,0.0040086014196276665,0.00406346982344985,0.9877946376800537
197,6.308052443406162,0.004090408328920603,0.004072129260748625,0.00409998744726181,0.9873875975608826,0.0,0.0,0.0,6.313706982744871,0.004312835168093443,0.004319722764194012,0.004309226758778095,0.9867797493934631
198,6.308190404492266,0.003984431270509958,0.003947039134800434,0.004004019312560558,0.9880662560462952,0.0,0.0,0.0,6.305402017857906,0.0038882670924067497,0.003837786614894867,0.003914708271622658,0.9885179996490479
199,6.307238159810796,0.003942813724279404,0.003921625204384327,0.003953907173126936,0.9883485436439514,0.0,0.0,0.0,6.300708008508613,0.004408484790474176,0.004855009261518717,0.004174590110778809,0.9882192015647888
200,6.30460933376761,0.003892200067639351,0.003877294948324561,0.0039000073447823524,0.9888277649879456,0.0,0.0,0.0,6.307575720070052,0.004017310682684183,0.004037654027342796,0.004006656818091869,0.9885122776031494
