epoch,split,class_id,class_name,dice,valid,excluded
1,train,0,Background,0.9903730342474665,0,1
1,train,1,Necrotic-Core,0.006735305783222074,1,0
1,train,2,Edema,0.5957879268725456,1,0
1,train,3,Enhancing-Tumor,0.04120514812600401,1,0
1,eval,0,Background,0.9972227095439505,0,1
1,eval,1,Necrotic-Core,0.0,1,0
1,eval,2,Edema,0.6955137119317066,1,0
1,eval,3,Enhancing-Tumor,0.0646757464653913,1,0
2,train,0,Background,0.9975633695191061,0,1
2,train,1,Necrotic-Core,0.017576184802474953,1,0
2,train,2,Edema,0.7220571040299277,1,0
2,train,3,Enhancing-Tumor,0.36101460886159353,1,0
2,eval,0,Background,0.998090668591221,0,1
2,eval,1,Necrotic-Core,0.09500210253496254,1,0
2,eval,2,Edema,0.7579678792421879,1,0
2,eval,3,Enhancing-Tumor,0.4304397974987971,1,0
3,train,0,Background,0.9979668389663067,0,1
3,train,1,Necrotic-Core,0.1876651995166545,1,0
3,train,2,Edema,0.7530098231398309,1,0
3,train,3,Enhancing-Tumor,0.46192020710041304,1,0
3,eval,0,Background,0.9979330672110743,0,1
3,eval,1,Necrotic-Core,0.1211689932503099,1,0
3,eval,2,Edema,0.7626855047351383,1,0
3,eval,3,Enhancing-Tumor,0.46946065234322903,1,0
4,train,0,Background,0.9981836585129922,0,1
4,train,1,Necrotic-Core,0.32034177666074826,1,0
4,train,2,Edema,0.7779078689322182,1,0
4,train,3,Enhancing-Tumor,0.5085820074910404,1,0
4,eval,0,Background,0.9983131333688919,0,1
4,eval,1,Necrotic-Core,0.217661230231161,1,0
4,eval,2,Edema,0.7880476684088916,1,0
4,eval,3,Enhancing-Tumor,0.502365300112368,1,0
5,train,0,Background,0.9983353069825499,0,1
5,train,1,Necrotic-Core,0.39358232562956025,1,0
5,train,2,Edema,0.794441075429333,1,0
5,train,3,Enhancing-Tumor,0.5396067024833006,1,0
5,eval,0,Background,0.9978678211615275,0,1
5,eval,1,Necrotic-Core,0.3867616911228311,1,0
5,eval,2,Edema,0.7759680390651523,1,0
5,eval,3,Enhancing-Tumor,0.49297288113962,1,0
6,train,0,Background,0.9984542037008654,0,1
6,train,1,Necrotic-Core,0.46829778960420526,1,0
6,train,2,Edema,0.8147486251049967,1,0
6,train,3,Enhancing-Tumor,0.5708074952925268,1,0
6,eval,0,Background,0.9979062839830639,0,1
6,eval,1,Necrotic-Core,0.30382518774956707,1,0
6,eval,2,Edema,0.7719316357671356,1,0
6,eval,3,Enhancing-Tumor,0.5230427955281413,1,0
7,train,0,Background,0.9985154192185133,0,1
7,train,1,Necrotic-Core,0.5357423139141073,1,0
7,train,2,Edema,0.8304756429107705,1,0
7,train,3,Enhancing-Tumor,0.602235248883631,1,0
7,eval,0,Background,0.9979240209915542,0,1
7,eval,1,Necrotic-Core,0.446461442104668,1,0
7,eval,2,Edema,0.7732616442492236,1,0
7,eval,3,Enhancing-Tumor,0.4810134965096904,1,0
8,train,0,Background,0.9986177573010769,0,1
8,train,1,Necrotic-Core,0.5583142399401344,1,0
8,train,2,Edema,0.840992779946793,1,0
8,train,3,Enhancing-Tumor,0.6250309353136108,1,0
8,eval,0,Background,0.9983497510983875,0,1
8,eval,1,Necrotic-Core,0.39293626362113077,1,0
8,eval,2,Edema,0.8009356236321429,1,0
8,eval,3,Enhancing-Tumor,0.5317728846709109,1,0
9,train,0,Background,0.9986915146406,0,1
9,train,1,Necrotic-Core,0.5955122822100768,1,0
9,train,2,Edema,0.850561685201398,1,0
9,train,3,Enhancing-Tumor,0.6450124006507979,1,0
9,eval,0,Background,0.9979284746463128,0,1
9,eval,1,Necrotic-Core,0.43214541107602467,1,0
9,eval,2,Edema,0.7670176330743482,1,0
9,eval,3,Enhancing-Tumor,0.5026824622506523,1,0
10,train,0,Background,0.9987272501638395,0,1
10,train,1,Necrotic-Core,0.63344264208959,1,0
10,train,2,Edema,0.8593165509773978,1,0
10,train,3,Enhancing-Tumor,0.667919382233725,1,0
10,eval,0,Background,0.9977736355218623,0,1
10,eval,1,Necrotic-Core,0.4054874510417886,1,0
10,eval,2,Edema,0.7705369613162094,1,0
10,eval,3,Enhancing-Tumor,0.5222683905613213,1,0
11,train,0,Background,0.9987705003986254,0,1
11,train,1,Necrotic-Core,0.6680586385121499,1,0
11,train,2,Edema,0.8647706455934191,1,0
11,train,3,Enhancing-Tumor,0.6921308604599861,1,0
11,eval,0,Background,0.9981579919900274,0,1
11,eval,1,Necrotic-Core,0.40323203034072863,1,0
11,eval,2,Edema,0.7954885526420382,1,0
11,eval,3,Enhancing-Tumor,0.5359382230701467,1,0
12,train,0,Background,0.9988035425908874,0,1
12,train,1,Necrotic-Core,0.6895648239393707,1,0
12,train,2,Edema,0.872265527210379,1,0
12,train,3,Enhancing-Tumor,0.7057643717439722,1,0
12,eval,0,Background,0.9981775503135482,0,1
12,eval,1,Necrotic-Core,0.37590990268993685,1,0
12,eval,2,Edema,0.801373533832411,1,0
12,eval,3,Enhancing-Tumor,0.5483743952064978,1,0
13,train,0,Background,0.9988646412075509,0,1
13,train,1,Necrotic-Core,0.7170208520995879,1,0
13,train,2,Edema,0.8772042060393562,1,0
13,train,3,Enhancing-Tumor,0.7287235857253161,1,0
13,eval,0,Background,0.9980249469388838,0,1
13,eval,1,Necrotic-Core,0.477987406421823,1,0
13,eval,2,Edema,0.7863993879259698,1,0
13,eval,3,Enhancing-Tumor,0.5067170737278762,1,0
14,train,0,Background,0.9988798843998423,0,1
14,train,1,Necrotic-Core,0.7309584902006031,1,0
14,train,2,Edema,0.8809265975231759,1,0
14,train,3,Enhancing-Tumor,0.7414412714214579,1,0
14,eval,0,Background,0.9981275057063799,0,1
14,eval,1,Necrotic-Core,0.28519378889195907,1,0
14,eval,2,Edema,0.7989392640234173,1,0
14,eval,3,Enhancing-Tumor,0.5281138888214671,1,0
15,train,0,Background,0.9989166411730679,0,1
15,train,1,Necrotic-Core,0.7412908107544467,1,0
15,train,2,Edema,0.8844687540841716,1,0
15,train,3,Enhancing-Tumor,0.748358381950465,1,0
15,eval,0,Background,0.998028875669085,0,1
15,eval,1,Necrotic-Core,0.43227715026101377,1,0
15,eval,2,Edema,0.7907324971089391,1,0
15,eval,3,Enhancing-Tumor,0.5364091310124635,1,0
16,train,0,Background,0.9989347221678113,0,1
16,train,1,Necrotic-Core,0.7560993660925546,1,0
16,train,2,Edema,0.8880673820463958,1,0
16,train,3,Enhancing-Tumor,0.7617826177421074,1,0
16,eval,0,Background,0.9982378942842892,0,1
16,eval,1,Necrotic-Core,0.46559380080715623,1,0
16,eval,2,Edema,0.796764604808386,1,0
16,eval,3,Enhancing-Tumor,0.5176603819143771,1,0
17,train,0,Background,0.998986651658964,0,1
17,train,1,Necrotic-Core,0.764661762460849,1,0
17,train,2,Edema,0.8933463526668046,1,0
17,train,3,Enhancing-Tumor,0.7689356307745409,1,0
17,eval,0,Background,0.9983049319520355,0,1
17,eval,1,Necrotic-Core,0.38473104848558864,1,0
17,eval,2,Edema,0.8000499408976807,1,0
17,eval,3,Enhancing-Tumor,0.5340281015096567,1,0
18,train,0,Background,0.9989885810470501,0,1
18,train,1,Necrotic-Core,0.7737896193988831,1,0
18,train,2,Edema,0.8946122272539271,1,0
18,train,3,Enhancing-Tumor,0.778343215927549,1,0
18,eval,0,Background,0.9980819318524756,0,1
18,eval,1,Necrotic-Core,0.36342483902460543,1,0
18,eval,2,Edema,0.79262240319922,1,0
18,eval,3,Enhancing-Tumor,0.5434269788877234,1,0
19,train,0,Background,0.9990171606334671,0,1
19,train,1,Necrotic-Core,0.7854880719544279,1,0
19,train,2,Edema,0.8983049044609003,1,0
19,train,3,Enhancing-Tumor,0.7864361275319072,1,0
19,eval,0,Background,0.9981784831513707,0,1
19,eval,1,Necrotic-Core,0.4515619084643217,1,0
19,eval,2,Edema,0.7978186380462942,1,0
19,eval,3,Enhancing-Tumor,0.5389608772109532,1,0
20,train,0,Background,0.9990344823236954,0,1
20,train,1,Necrotic-Core,0.7894008304055732,1,0
20,train,2,Edema,0.9016363686760175,1,0
20,train,3,Enhancing-Tumor,0.7899230793864688,1,0
20,eval,0,Background,0.9982152478270013,0,1
20,eval,1,Necrotic-Core,0.4236936406466,1,0
20,eval,2,Edema,0.7940586535291262,1,0
20,eval,3,Enhancing-Tumor,0.5464768348079858,1,0
21,train,0,Background,0.9990670042185857,0,1
21,train,1,Necrotic-Core,0.7951678480358715,1,0
21,train,2,Edema,0.9034281636016928,1,0
21,train,3,Enhancing-Tumor,0.796467194568834,1,0
21,eval,0,Background,0.9981794833922403,0,1
21,eval,1,Necrotic-Core,0.411490153771623,1,0
21,eval,2,Edema,0.7924252127406606,1,0
21,eval,3,Enhancing-Tumor,0.5368366116771258,1,0
22,train,0,Background,0.9990896310283723,0,1
22,train,1,Necrotic-Core,0.802643273246426,1,0
22,train,2,Edema,0.90491350491078,1,0
22,train,3,Enhancing-Tumor,0.8003602851215672,1,0
22,eval,0,Background,0.9980372682122518,0,1
22,eval,1,Necrotic-Core,0.4426488739044448,1,0
22,eval,2,Edema,0.7965832463261471,1,0
22,eval,3,Enhancing-Tumor,0.5215482403915083,1,0
23,train,0,Background,0.9990924581758065,0,1
23,train,1,Necrotic-Core,0.8053471753346236,1,0
23,train,2,Edema,0.9081943342865478,1,0
23,train,3,Enhancing-Tumor,0.8077139721865003,1,0
23,eval,0,Background,0.9981591050479651,0,1
23,eval,1,Necrotic-Core,0.39115202467100546,1,0
23,eval,2,Edema,0.7934110345757588,1,0
23,eval,3,Enhancing-Tumor,0.5462252018798507,1,0
24,train,0,Background,0.9991229924212872,0,1
24,train,1,Necrotic-Core,0.8059172959504399,1,0
24,train,2,Edema,0.9105352127611951,1,0
24,train,3,Enhancing-Tumor,0.8135777631617884,1,0
24,eval,0,Background,0.9980888876075643,0,1
24,eval,1,Necrotic-Core,0.4241242308245661,1,0
24,eval,2,Edema,0.7963005864922055,1,0
24,eval,3,Enhancing-Tumor,0.5226588543369535,1,0
25,train,0,Background,0.9991247066283973,0,1
25,train,1,Necrotic-Core,0.8130525816821106,1,0
25,train,2,Edema,0.9113679837636779,1,0
25,train,3,Enhancing-Tumor,0.813895170134189,1,0
25,eval,0,Background,0.998132572236448,0,1
25,eval,1,Necrotic-Core,0.3897759953212133,1,0
25,eval,2,Edema,0.7920592280837355,1,0
25,eval,3,Enhancing-Tumor,0.5412688778199407,1,0
26,train,0,Background,0.9991377449297447,0,1
26,train,1,Necrotic-Core,0.820414500232707,1,0
26,train,2,Edema,0.9134049352169057,1,0
26,train,3,Enhancing-Tumor,0.8209668353005874,1,0
26,eval,0,Background,0.9980760409045708,0,1
26,eval,1,Necrotic-Core,0.4478461296842963,1,0
26,eval,2,Edema,0.7909999441986035,1,0
26,eval,3,Enhancing-Tumor,0.5382804985363316,1,0
27,train,0,Background,0.9991591078152113,0,1
27,train,1,Necrotic-Core,0.8253925088269004,1,0
27,train,2,Edema,0.9154702522715489,1,0
27,train,3,Enhancing-Tumor,0.8228832555068422,1,0
27,eval,0,Background,0.9983195789575472,0,1
27,eval,1,Necrotic-Core,0.4350421405995041,1,0
27,eval,2,Edema,0.79954099343818,1,0
27,eval,3,Enhancing-Tumor,0.5484791336272566,1,0
28,train,0,Background,0.9991591231518975,0,1
28,train,1,Necrotic-Core,0.8246397622737051,1,0
28,train,2,Edema,0.9170055248888326,1,0
28,train,3,Enhancing-Tumor,0.8289713877174908,1,0
28,eval,0,Background,0.9981706377116933,0,1
28,eval,1,Necrotic-Core,0.4396255246344106,1,0
28,eval,2,Edema,0.7996607374553084,1,0
28,eval,3,Enhancing-Tumor,0.5368175088735624,1,0
29,train,0,Background,0.9991892076345804,0,1
29,train,1,Necrotic-Core,0.83333550914218,1,0
29,train,2,Edema,0.9176121339334055,1,0
29,train,3,Enhancing-Tumor,0.832340341998426,1,0
29,eval,0,Background,0.9981821876357486,0,1
29,eval,1,Necrotic-Core,0.4293585813505361,1,0
29,eval,2,Edema,0.7947232267770015,1,0
29,eval,3,Enhancing-Tumor,0.5502991124296909,1,0
30,train,0,Background,0.9991981583919187,0,1
30,train,1,Necrotic-Core,0.8271442245456422,1,0
30,train,2,Edema,0.9200079470888081,1,0
30,train,3,Enhancing-Tumor,0.8367232838939539,1,0
30,eval,0,Background,0.9981201126299192,0,1
30,eval,1,Necrotic-Core,0.4264950137486454,1,0
30,eval,2,Edema,0.7966830906948814,1,0
30,eval,3,Enhancing-Tumor,0.5371288019009596,1,0
31,train,0,Background,0.9992126523900492,0,1
31,train,1,Necrotic-Core,0.8353306897943683,1,0
31,train,2,Edema,0.921382528783479,1,0
31,train,3,Enhancing-Tumor,0.8372645658192498,1,0
31,eval,0,Background,0.9981613793094356,0,1
31,eval,1,Necrotic-Core,0.41030384312942547,1,0
31,eval,2,Edema,0.796046251903481,1,0
31,eval,3,Enhancing-Tumor,0.538431037315716,1,0
32,train,0,Background,0.9992099429064285,0,1
32,train,1,Necrotic-Core,0.8377541364917203,1,0
32,train,2,Edema,0.9233332478461282,1,0
32,train,3,Enhancing-Tumor,0.8413002419955317,1,0
32,eval,0,Background,0.998265534304009,0,1
32,eval,1,Necrotic-Core,0.43168837056185483,1,0
32,eval,2,Edema,0.7994482502798493,1,0
32,eval,3,Enhancing-Tumor,0.5460570653194029,1,0
33,train,0,Background,0.9992202731244817,0,1
33,train,1,Necrotic-Core,0.8402181973245355,1,0
33,train,2,Edema,0.9236503763416414,1,0
33,train,3,Enhancing-Tumor,0.8432880283857683,1,0
33,eval,0,Background,0.9982376204614469,0,1
33,eval,1,Necrotic-Core,0.3947727749898355,1,0
33,eval,2,Edema,0.7994422168613273,1,0
33,eval,3,Enhancing-Tumor,0.5466226358447008,1,0
34,train,0,Background,0.9992408652757532,0,1
34,train,1,Necrotic-Core,0.844196120117473,1,0
34,train,2,Edema,0.9251771720967519,1,0
34,train,3,Enhancing-Tumor,0.8479603822882862,1,0
34,eval,0,Background,0.9982454564904546,0,1
34,eval,1,Necrotic-Core,0.4180344126881455,1,0
34,eval,2,Edema,0.8011228472820459,1,0
34,eval,3,Enhancing-Tumor,0.5403208623665444,1,0
35,train,0,Background,0.9992509576708042,0,1
35,train,1,Necrotic-Core,0.845477870821003,1,0
35,train,2,Edema,0.9268317674848492,1,0
35,train,3,Enhancing-Tumor,0.8494113058412056,1,0
35,eval,0,Background,0.998098472634523,0,1
35,eval,1,Necrotic-Core,0.4385690488217052,1,0
35,eval,2,Edema,0.7958574353306406,1,0
35,eval,3,Enhancing-Tumor,0.5275819571845477,1,0
36,train,0,Background,0.9992557980053852,0,1
36,train,1,Necrotic-Core,0.8482811177757784,1,0
36,train,2,Edema,0.9275976939655624,1,0
36,train,3,Enhancing-Tumor,0.8530022753918769,1,0
36,eval,0,Background,0.9980604436707314,0,1
36,eval,1,Necrotic-Core,0.42322112366004094,1,0
36,eval,2,Edema,0.7941621642977776,1,0
36,eval,3,Enhancing-Tumor,0.5403184960283209,1,0
37,train,0,Background,0.9992690461667326,0,1
37,train,1,Necrotic-Core,0.8508725475008415,1,0
37,train,2,Edema,0.9283762121618349,1,0
37,train,3,Enhancing-Tumor,0.8556607607659441,1,0
37,eval,0,Background,0.9981848967176052,0,1
37,eval,1,Necrotic-Core,0.41511629700299474,1,0
37,eval,2,Edema,0.7962652731777589,1,0
37,eval,3,Enhancing-Tumor,0.530707592139323,1,0
38,train,0,Background,0.9992732186851427,0,1
38,train,1,Necrotic-Core,0.8528680141666207,1,0
38,train,2,Edema,0.9291387729625304,1,0
38,train,3,Enhancing-Tumor,0.8577675932288117,1,0
38,eval,0,Background,0.9982765514324212,0,1
38,eval,1,Necrotic-Core,0.40984529783066415,1,0
38,eval,2,Edema,0.7992215852260208,1,0
38,eval,3,Enhancing-Tumor,0.5454427739939145,1,0
39,train,0,Background,0.9992706990299276,0,1
39,train,1,Necrotic-Core,0.855841174685978,1,0
39,train,2,Edema,0.9308129736153858,1,0
39,train,3,Enhancing-Tumor,0.8582590936813697,1,0
39,eval,0,Background,0.9981709514092354,0,1
39,eval,1,Necrotic-Core,0.42430664508987215,1,0
39,eval,2,Edema,0.7988254833634855,1,0
39,eval,3,Enhancing-Tumor,0.5248221731097342,1,0
40,train,0,Background,0.9993014594632029,0,1
40,train,1,Necrotic-Core,0.8568732599517717,1,0
40,train,2,Edema,0.9315594615469865,1,0
40,train,3,Enhancing-Tumor,0.8616417229942832,1,0
40,eval,0,Background,0.9982148118375784,0,1
40,eval,1,Necrotic-Core,0.42337530958403213,1,0
40,eval,2,Edema,0.7990349168068603,1,0
40,eval,3,Enhancing-Tumor,0.5392497581329454,1,0
41,train,0,Background,0.9992941739063195,0,1
41,train,1,Necrotic-Core,0.8608308928525605,1,0
41,train,2,Edema,0.9323172449598085,1,0
41,train,3,Enhancing-Tumor,0.8636138314902548,1,0
41,eval,0,Background,0.9981654288969468,0,1
41,eval,1,Necrotic-Core,0.41041850772381483,1,0
41,eval,2,Edema,0.796754769635518,1,0
41,eval,3,Enhancing-Tumor,0.5334193969719268,1,0
42,train,0,Background,0.9993114052531025,0,1
42,train,1,Necrotic-Core,0.8596126207087076,1,0
42,train,2,Edema,0.9337307733014296,1,0
42,train,3,Enhancing-Tumor,0.8657113889730471,1,0
42,eval,0,Background,0.9981928118708311,0,1
42,eval,1,Necrotic-Core,0.429397897227852,1,0
42,eval,2,Edema,0.7988386906399583,1,0
42,eval,3,Enhancing-Tumor,0.5353738018875779,1,0
43,train,0,Background,0.9993180019111818,0,1
43,train,1,Necrotic-Core,0.8620181473947941,1,0
43,train,2,Edema,0.9342045434263044,1,0
43,train,3,Enhancing-Tumor,0.8678639208587607,1,0
43,eval,0,Background,0.9981879049543878,0,1
43,eval,1,Necrotic-Core,0.4233597485023532,1,0
43,eval,2,Edema,0.7990304797774813,1,0
43,eval,3,Enhancing-Tumor,0.5312626019510308,1,0
44,train,0,Background,0.9993188492723473,0,1
44,train,1,Necrotic-Core,0.8628178174579406,1,0
44,train,2,Edema,0.935360893443474,1,0
44,train,3,Enhancing-Tumor,0.8687874500619893,1,0
44,eval,0,Background,0.9982212456983448,0,1
44,eval,1,Necrotic-Core,0.40163998538006557,1,0
44,eval,2,Edema,0.798505988994505,1,0
44,eval,3,Enhancing-Tumor,0.5375059230101767,1,0
45,train,0,Background,0.9993231480609847,0,1
45,train,1,Necrotic-Core,0.8647146864829665,1,0
45,train,2,Edema,0.9358394091117329,1,0
45,train,3,Enhancing-Tumor,0.8702768388863379,1,0
45,eval,0,Background,0.998184136955355,0,1
45,eval,1,Necrotic-Core,0.43000249660875434,1,0
45,eval,2,Edema,0.7978491663572832,1,0
45,eval,3,Enhancing-Tumor,0.5311310828645246,1,0
46,train,0,Background,0.9993263972302537,0,1
46,train,1,Necrotic-Core,0.8657927879978092,1,0
46,train,2,Edema,0.9365785749591164,1,0
46,train,3,Enhancing-Tumor,0.8714040477304416,1,0
46,eval,0,Background,0.9982223152479179,0,1
46,eval,1,Necrotic-Core,0.4152570067569302,1,0
46,eval,2,Edema,0.7979896648281323,1,0
46,eval,3,Enhancing-Tumor,0.5380635468292359,1,0
47,train,0,Background,0.9993327846227698,0,1
47,train,1,Necrotic-Core,0.86656023003456,1,0
47,train,2,Edema,0.9367638705503644,1,0
47,train,3,Enhancing-Tumor,0.872538000111698,1,0
47,eval,0,Background,0.9981670612230419,0,1
47,eval,1,Necrotic-Core,0.4307352801802922,1,0
47,eval,2,Edema,0.7985474329640408,1,0
47,eval,3,Enhancing-Tumor,0.5298857313505171,1,0
48,train,0,Background,0.9993294156389816,0,1
48,train,1,Necrotic-Core,0.8694409852192657,1,0
48,train,2,Edema,0.9373251746442338,1,0
48,train,3,Enhancing-Tumor,0.8755493012390415,1,0
48,eval,0,Background,0.9981986461036859,0,1
48,eval,1,Necrotic-Core,0.4203461083047329,1,0
48,eval,2,Edema,0.7984863036620584,1,0
48,eval,3,Enhancing-Tumor,0.5371349249254642,1,0
49,train,0,Background,0.9993318217565886,0,1
49,train,1,Necrotic-Core,0.8691862343055148,1,0
49,train,2,Edema,0.9375016831180728,1,0
49,train,3,Enhancing-Tumor,0.8746361177996608,1,0
49,eval,0,Background,0.9981884343925399,0,1
49,eval,1,Necrotic-Core,0.4194010868619973,1,0
49,eval,2,Edema,0.7983530197683463,1,0
49,eval,3,Enhancing-Tumor,0.5335983120375795,1,0
50,train,0,Background,0.9993458386020078,0,1
50,train,1,Necrotic-Core,0.8719452447635766,1,0
50,train,2,Edema,0.9384457756820449,1,0
50,train,3,Enhancing-Tumor,0.876464776331747,1,0
50,eval,0,Background,0.9981792221401815,0,1
50,eval,1,Necrotic-Core,0.42048000789807927,1,0
50,eval,2,Edema,0.7974073656549275,1,0
50,eval,3,Enhancing-Tumor,0.5331126123573975,1,0
51,train,0,Background,0.9993436108186247,0,1
51,train,1,Necrotic-Core,0.870706850311114,1,0
51,train,2,Edema,0.9392258618940282,1,0
51,train,3,Enhancing-Tumor,0.8760156422616368,1,0
51,eval,0,Background,0.9981984319828361,0,1
51,eval,1,Necrotic-Core,0.41710738863875396,1,0
51,eval,2,Edema,0.7981296336792478,1,0
51,eval,3,Enhancing-Tumor,0.5354951295745101,1,0
52,train,0,Background,0.9993539691972637,0,1
52,train,1,Necrotic-Core,0.871779453583503,1,0
52,train,2,Edema,0.938952517713892,1,0
52,train,3,Enhancing-Tumor,0.878647977477906,1,0
52,eval,0,Background,0.9981852198939881,0,1
52,eval,1,Necrotic-Core,0.41652599015619,1,0
52,eval,2,Edema,0.7973827904347632,1,0
52,eval,3,Enhancing-Tumor,0.5322833357497166,1,0
53,train,0,Background,0.9993513830695289,0,1
53,train,1,Necrotic-Core,0.8696686309686749,1,0
53,train,2,Edema,0.9386611209045413,1,0
53,train,3,Enhancing-Tumor,0.8768991448681112,1,0
53,eval,0,Background,0.9981943164502997,0,1
53,eval,1,Necrotic-Core,0.41430213765583357,1,0
53,eval,2,Edema,0.7976244395073018,1,0
53,eval,3,Enhancing-Tumor,0.5336157204124267,1,0
54,train,0,Background,0.999352707351698,0,1
54,train,1,Necrotic-Core,0.8739847384176623,1,0
54,train,2,Edema,0.9383986358916598,1,0
54,train,3,Enhancing-Tumor,0.8796393828005884,1,0
54,eval,0,Background,0.9982244558530088,0,1
54,eval,1,Necrotic-Core,0.42966525326086175,1,0
54,eval,2,Edema,0.7979870439123425,1,0
54,eval,3,Enhancing-Tumor,0.536270531695605,1,0
55,train,0,Background,0.999357285624814,0,1
55,train,1,Necrotic-Core,0.8742958951853731,1,0
55,train,2,Edema,0.9387193696676354,1,0
55,train,3,Enhancing-Tumor,0.8786059137254278,1,0
55,eval,0,Background,0.9982311351182844,0,1
55,eval,1,Necrotic-Core,0.41125806627314576,1,0
55,eval,2,Edema,0.7984505995282478,1,0
55,eval,3,Enhancing-Tumor,0.536690704641318,1,0
56,train,0,Background,0.9993530071522756,0,1
56,train,1,Necrotic-Core,0.8762274895920531,1,0
56,train,2,Edema,0.93903279881604,1,0
56,train,3,Enhancing-Tumor,0.8797313259673046,1,0
56,eval,0,Background,0.998209704791714,0,1
56,eval,1,Necrotic-Core,0.411580222497025,1,0
56,eval,2,Edema,0.7979077819326952,1,0
56,eval,3,Enhancing-Tumor,0.535986393389737,1,0
57,train,0,Background,0.9993601917394742,0,1
57,train,1,Necrotic-Core,0.8758436843517591,1,0
57,train,2,Edema,0.9397722138170209,1,0
57,train,3,Enhancing-Tumor,0.8798367080641794,1,0
57,eval,0,Background,0.99820486592888,0,1
57,eval,1,Necrotic-Core,0.41786156598263674,1,0
57,eval,2,Edema,0.7978941842483794,1,0
57,eval,3,Enhancing-Tumor,0.5356859584624676,1,0
58,train,0,Background,0.9993594818594715,0,1
58,train,1,Necrotic-Core,0.8735748677621408,1,0
58,train,2,Edema,0.9399430516597066,1,0
58,train,3,Enhancing-Tumor,0.8806070064894584,1,0
58,eval,0,Background,0.998189256379861,0,1
58,eval,1,Necrotic-Core,0.4115714678106831,1,0
58,eval,2,Edema,0.7976580329171089,1,0
58,eval,3,Enhancing-Tumor,0.5335273915380225,1,0
59,train,0,Background,0.9993565105345429,0,1
59,train,1,Necrotic-Core,0.8751436149925323,1,0
59,train,2,Edema,0.9401908307844559,1,0
59,train,3,Enhancing-Tumor,0.8804041339861116,1,0
59,eval,0,Background,0.9981973189134088,0,1
59,eval,1,Necrotic-Core,0.41748344662286707,1,0
59,eval,2,Edema,0.7982017821285151,1,0
59,eval,3,Enhancing-Tumor,0.5320901786059469,1,0
60,train,0,Background,0.9993649710262899,0,1
60,train,1,Necrotic-Core,0.8730854785489167,1,0
60,train,2,Edema,0.9404503945432577,1,0
60,train,3,Enhancing-Tumor,0.8808354219417106,1,0
60,eval,0,Background,0.9981986311830633,0,1
60,eval,1,Necrotic-Core,0.4199907846229101,1,0
60,eval,2,Edema,0.798030610317379,1,0
60,eval,3,Enhancing-Tumor,0.5343103724619036,1,0
