epoch,split,enc_id,orig_ids,label_name,dice,macro_included
1,train,0,0,Background,0.9893458139552428,0
1,train,1,1,Necrotic-Core,0.018747752293204904,1
1,train,2,2,Edema,0.42651606992191887,1
1,train,3,4,Enhancing-Tumor,0.15476785960531916,1
1,eval,0,0,Background,0.9966878901587631,0
1,eval,1,1,Necrotic-Core,0.0,1
1,eval,2,2,Edema,0.634204609600751,1
1,eval,3,4,Enhancing-Tumor,0.3846160527150082,1
2,train,0,0,Background,0.9973218304990359,0
2,train,1,1,Necrotic-Core,0.006383468405682979,1
2,train,2,2,Edema,0.686725709795506,1
2,train,3,4,Enhancing-Tumor,0.4355141415911551,1
2,eval,0,0,Background,0.9957310518963378,0
2,eval,1,1,Necrotic-Core,0.02525943763963191,1
2,eval,2,2,Edema,0.682861376437584,1
2,eval,3,4,Enhancing-Tumor,0.42018323399731766,1
3,train,0,0,Background,0.997669628349777,0
3,train,1,1,Necrotic-Core,0.17806699754642247,1
3,train,2,2,Edema,0.734691823983809,1
3,train,3,4,Enhancing-Tumor,0.4890201164421693,1
3,eval,0,0,Background,0.9975260044852599,0
3,eval,1,1,Necrotic-Core,0.11398464822616344,1
3,eval,2,2,Edema,0.7346924224230046,1
3,eval,3,4,Enhancing-Tumor,0.47197663946246426,1
4,train,0,0,Background,0.9978415660062514,0
4,train,1,1,Necrotic-Core,0.37890997639634977,1
4,train,2,2,Edema,0.7582610402402643,1
4,train,3,4,Enhancing-Tumor,0.5240782559591454,1
4,eval,0,0,Background,0.9974909028245232,0
4,eval,1,1,Necrotic-Core,0.15569341676142376,1
4,eval,2,2,Edema,0.7616659696909214,1
4,eval,3,4,Enhancing-Tumor,0.46523504870926535,1
5,train,0,0,Background,0.9979904545926286,0
5,train,1,1,Necrotic-Core,0.46000720133810935,1
5,train,2,2,Edema,0.7757546812616113,1
5,train,3,4,Enhancing-Tumor,0.5503108540413709,1
5,eval,0,0,Background,0.9978813888199896,0
5,eval,1,1,Necrotic-Core,0.3862275235479064,1
5,eval,2,2,Edema,0.7766811750251422,1
5,eval,3,4,Enhancing-Tumor,0.4917662968309975,1
6,train,0,0,Background,0.9981521200962801,0
6,train,1,1,Necrotic-Core,0.5310069388898792,1
6,train,2,2,Edema,0.7970433167230448,1
6,train,3,4,Enhancing-Tumor,0.5828338821950803,1
6,eval,0,0,Background,0.9970318487239276,0
6,eval,1,1,Necrotic-Core,0.3308692366528134,1
6,eval,2,2,Edema,0.715772503244526,1
6,eval,3,4,Enhancing-Tumor,0.4406612309622894,1
7,train,0,0,Background,0.9982313806827963,0
7,train,1,1,Necrotic-Core,0.5889380242350543,1
7,train,2,2,Edema,0.8143496388292003,1
7,train,3,4,Enhancing-Tumor,0.613002190713025,1
7,eval,0,0,Background,0.9979710296397055,0
7,eval,1,1,Necrotic-Core,0.3597989888282556,1
7,eval,2,2,Edema,0.7861064325396525,1
7,eval,3,4,Enhancing-Tumor,0.5215510385468968,1
8,train,0,0,Background,0.9983654264131536,0
8,train,1,1,Necrotic-Core,0.6225807923371929,1
8,train,2,2,Edema,0.8260014622853734,1
8,train,3,4,Enhancing-Tumor,0.6422759452568779,1
8,eval,0,0,Background,0.9976883325199092,0
8,eval,1,1,Necrotic-Core,0.3637989718049243,1
8,eval,2,2,Edema,0.7770813241184517,1
8,eval,3,4,Enhancing-Tumor,0.5237825057315875,1
9,train,0,0,Background,0.9984215477440542,0
9,train,1,1,Necrotic-Core,0.6594529531189509,1
9,train,2,2,Edema,0.8345637327873441,1
9,train,3,4,Enhancing-Tumor,0.6621613719807247,1
9,eval,0,0,Background,0.997477714451793,0
9,eval,1,1,Necrotic-Core,0.3422981829835218,1
9,eval,2,2,Edema,0.7667985167134554,1
9,eval,3,4,Enhancing-Tumor,0.5219364310633974,1
10,train,0,0,Background,0.9984777940792015,0
10,train,1,1,Necrotic-Core,0.6954984853112496,1
10,train,2,2,Edema,0.8441156284100632,1
10,train,3,4,Enhancing-Tumor,0.6856806973519842,1
10,eval,0,0,Background,0.9969808295901036,0
10,eval,1,1,Necrotic-Core,0.3553325582812896,1
10,eval,2,2,Edema,0.7380242842803155,1
10,eval,3,4,Enhancing-Tumor,0.5385558791963686,1
11,train,0,0,Background,0.9985360803570547,0
11,train,1,1,Necrotic-Core,0.7173625490294814,1
11,train,2,2,Edema,0.8514732828284653,1
11,train,3,4,Enhancing-Tumor,0.7085106595358855,1
11,eval,0,0,Background,0.9981501339675884,0
11,eval,1,1,Necrotic-Core,0.3401095493365939,1
11,eval,2,2,Edema,0.7892989563084295,1
11,eval,3,4,Enhancing-Tumor,0.5540238889973136,1
12,train,0,0,Background,0.9985694145175784,0
12,train,1,1,Necrotic-Core,0.7327324811283691,1
12,train,2,2,Edema,0.8585199032397492,1
12,train,3,4,Enhancing-Tumor,0.7187558783587155,1
12,eval,0,0,Background,0.9980238818119923,0
12,eval,1,1,Necrotic-Core,0.38478364779629615,1
12,eval,2,2,Edema,0.7850560966210453,1
12,eval,3,4,Enhancing-Tumor,0.5396455034416586,1
13,train,0,0,Background,0.9986379994604233,0
13,train,1,1,Necrotic-Core,0.7501898043976997,1
13,train,2,2,Edema,0.864041244502111,1
13,train,3,4,Enhancing-Tumor,0.7383996831116516,1
13,eval,0,0,Background,0.9979460374209926,0
13,eval,1,1,Necrotic-Core,0.40679612210021154,1
13,eval,2,2,Edema,0.7814361574667225,1
13,eval,3,4,Enhancing-Tumor,0.5332327299528358,1
14,train,0,0,Background,0.9986586336517261,0
14,train,1,1,Necrotic-Core,0.7612523708264114,1
14,train,2,2,Edema,0.868137580424721,1
14,train,3,4,Enhancing-Tumor,0.7488710687329586,1
14,eval,0,0,Background,0.9979303333106344,0
14,eval,1,1,Necrotic-Core,0.3796185584614235,1
14,eval,2,2,Edema,0.7778306760299485,1
14,eval,3,4,Enhancing-Tumor,0.532385936611797,1
15,train,0,0,Background,0.998718151400476,0
15,train,1,1,Necrotic-Core,0.7726446755679448,1
15,train,2,2,Edema,0.8733632288070486,1
15,train,3,4,Enhancing-Tumor,0.7557431597749353,1
15,eval,0,0,Background,0.9977395721909954,0
15,eval,1,1,Necrotic-Core,0.44510245623497746,1
15,eval,2,2,Edema,0.7746513809394454,1
15,eval,3,4,Enhancing-Tumor,0.5504993649690059,1
16,train,0,0,Background,0.9987407560592838,0
16,train,1,1,Necrotic-Core,0.7840746954926598,1
16,train,2,2,Edema,0.8776969528689201,1
16,train,3,4,Enhancing-Tumor,0.769222560556557,1
16,eval,0,0,Background,0.9975659916582418,0
16,eval,1,1,Necrotic-Core,0.41538094548369614,1
16,eval,2,2,Edema,0.7669369635779084,1
16,eval,3,4,Enhancing-Tumor,0.5541020230537629,1
17,train,0,0,Background,0.9987880949822646,0
17,train,1,1,Necrotic-Core,0.7925556654380156,1
17,train,2,2,Edema,0.882079239410738,1
17,train,3,4,Enhancing-Tumor,0.774547958911727,1
17,eval,0,0,Background,0.9978366262618446,0
17,eval,1,1,Necrotic-Core,0.4503106783320384,1
17,eval,2,2,Edema,0.7808949889723616,1
17,eval,3,4,Enhancing-Tumor,0.5519902011530656,1
18,train,0,0,Background,0.9988026727133934,0
18,train,1,1,Necrotic-Core,0.7985760318853474,1
18,train,2,2,Edema,0.8841627919492423,1
18,train,3,4,Enhancing-Tumor,0.7848353366332806,1
18,eval,0,0,Background,0.9973495427181698,0
18,eval,1,1,Necrotic-Core,0.4312561680722511,1
18,eval,2,2,Edema,0.7516524155468198,1
18,eval,3,4,Enhancing-Tumor,0.5487357989765475,1
19,train,0,0,Background,0.9988254985286561,0
19,train,1,1,Necrotic-Core,0.8062984776601676,1
19,train,2,2,Edema,0.8868213566812523,1
19,train,3,4,Enhancing-Tumor,0.7898478936112224,1
19,eval,0,0,Background,0.9977742494617667,0
19,eval,1,1,Necrotic-Core,0.39002654307428214,1
19,eval,2,2,Edema,0.7792575663899898,1
19,eval,3,4,Enhancing-Tumor,0.5493877506257175,1
20,train,0,0,Background,0.9988507462063249,0
20,train,1,1,Necrotic-Core,0.8117876893762641,1
20,train,2,2,Edema,0.8916192520874434,1
20,train,3,4,Enhancing-Tumor,0.7953117214350842,1
20,eval,0,0,Background,0.9980566281887605,0
20,eval,1,1,Necrotic-Core,0.4127274566760428,1
20,eval,2,2,Edema,0.7825875334536719,1
20,eval,3,4,Enhancing-Tumor,0.5503351509937796,1
21,train,0,0,Background,0.9988851682022909,0
21,train,1,1,Necrotic-Core,0.8182762840653673,1
21,train,2,2,Edema,0.8930326590238146,1
21,train,3,4,Enhancing-Tumor,0.8001921666177773,1
21,eval,0,0,Background,0.9979203438785046,0
21,eval,1,1,Necrotic-Core,0.39814674925661603,1
21,eval,2,2,Edema,0.7801437948171398,1
21,eval,3,4,Enhancing-Tumor,0.550154133297266,1
22,train,0,0,Background,0.9989133903424384,0
22,train,1,1,Necrotic-Core,0.8248327130686488,1
22,train,2,2,Edema,0.8953910938811981,1
22,train,3,4,Enhancing-Tumor,0.8063414245118125,1
22,eval,0,0,Background,0.9980349641330509,0
22,eval,1,1,Necrotic-Core,0.425577152938849,1
22,eval,2,2,Edema,0.7882592395011689,1
22,eval,3,4,Enhancing-Tumor,0.5518621912743324,1
23,train,0,0,Background,0.9989256879278846,0
23,train,1,1,Necrotic-Core,0.825913290110378,1
23,train,2,2,Edema,0.8990047952174467,1
23,train,3,4,Enhancing-Tumor,0.8122766477481971,1
23,eval,0,0,Background,0.9976965509583111,0
23,eval,1,1,Necrotic-Core,0.3585721096904619,1
23,eval,2,2,Edema,0.7716950290619414,1
23,eval,3,4,Enhancing-Tumor,0.5587407270689972,1
24,train,0,0,Background,0.9989624309583746,0
24,train,1,1,Necrotic-Core,0.8285060598091607,1
24,train,2,2,Edema,0.9016020516110276,1
24,train,3,4,Enhancing-Tumor,0.818140010699168,1
24,eval,0,0,Background,0.9976800638364265,0
24,eval,1,1,Necrotic-Core,0.41494803894848464,1
24,eval,2,2,Edema,0.771667465101798,1
24,eval,3,4,Enhancing-Tumor,0.5500822498431764,1
25,train,0,0,Background,0.9989695781839286,0
25,train,1,1,Necrotic-Core,0.8356544247356308,1
25,train,2,2,Edema,0.9026464461254354,1
25,train,3,4,Enhancing-Tumor,0.8194975911434036,1
25,eval,0,0,Background,0.9977501161707074,0
25,eval,1,1,Necrotic-Core,0.37309778795486176,1
25,eval,2,2,Edema,0.7752394291222658,1
25,eval,3,4,Enhancing-Tumor,0.5489660366470444,1
26,train,0,0,Background,0.998980157457634,0
26,train,1,1,Necrotic-Core,0.8404729228135119,1
26,train,2,2,Edema,0.9046161397585348,1
26,train,3,4,Enhancing-Tumor,0.8244356970333327,1
26,eval,0,0,Background,0.9980088003830418,0
26,eval,1,1,Necrotic-Core,0.42397448492813355,1
26,eval,2,2,Edema,0.7911355788839761,1
26,eval,3,4,Enhancing-Tumor,0.5542718957553816,1
27,train,0,0,Background,0.9990095710950057,0
27,train,1,1,Necrotic-Core,0.8438413846668815,1
27,train,2,2,Edema,0.907208618266384,1
27,train,3,4,Enhancing-Tumor,0.8268259293832546,1
27,eval,0,0,Background,0.998071320074862,0
27,eval,1,1,Necrotic-Core,0.41482849344507355,1
27,eval,2,2,Edema,0.7875380276578096,1
27,eval,3,4,Enhancing-Tumor,0.551599445137147,1
28,train,0,0,Background,0.9990181874654943,0
28,train,1,1,Necrotic-Core,0.8447215760106225,1
28,train,2,2,Edema,0.9096229237431743,1
28,train,3,4,Enhancing-Tumor,0.8337127397725298,1
28,eval,0,0,Background,0.9978491665148327,0
28,eval,1,1,Necrotic-Core,0.40046446818334813,1
28,eval,2,2,Edema,0.7851077984432139,1
28,eval,3,4,Enhancing-Tumor,0.5494712225392755,1
29,train,0,0,Background,0.9990455392856399,0
29,train,1,1,Necrotic-Core,0.8505905961563918,1
29,train,2,2,Edema,0.9096447819380143,1
29,train,3,4,Enhancing-Tumor,0.8358755623546883,1
29,eval,0,0,Background,0.998026878191354,0
29,eval,1,1,Necrotic-Core,0.45060474633144637,1
29,eval,2,2,Edema,0.7860447784508791,1
29,eval,3,4,Enhancing-Tumor,0.5575467254593659,1
30,train,0,0,Background,0.9990590131276696,0
30,train,1,1,Necrotic-Core,0.8469117049372542,1
30,train,2,2,Edema,0.9122711216942091,1
30,train,3,4,Enhancing-Tumor,0.8405734915337685,1
30,eval,0,0,Background,0.9979663225136044,0
30,eval,1,1,Necrotic-Core,0.43377064301143187,1
30,eval,2,2,Edema,0.7883650884165463,1
30,eval,3,4,Enhancing-Tumor,0.5493176769486582,1
31,train,0,0,Background,0.9990758986726321,0
31,train,1,1,Necrotic-Core,0.8551498793394103,1
31,train,2,2,Edema,0.9136756138709429,1
31,train,3,4,Enhancing-Tumor,0.8416895941264375,1
31,eval,0,0,Background,0.9979281572294564,0
31,eval,1,1,Necrotic-Core,0.43504020075784205,1
31,eval,2,2,Edema,0.7858065198081434,1
31,eval,3,4,Enhancing-Tumor,0.5452684630727865,1
32,train,0,0,Background,0.9990748646026536,0
32,train,1,1,Necrotic-Core,0.8570209463022004,1
32,train,2,2,Edema,0.9159682279117195,1
32,train,3,4,Enhancing-Tumor,0.8453032174374772,1
32,eval,0,0,Background,0.9980032090859878,0
32,eval,1,1,Necrotic-Core,0.4308688797745316,1
32,eval,2,2,Edema,0.7902915386252987,1
32,eval,3,4,Enhancing-Tumor,0.54780803213131,1
33,train,0,0,Background,0.9990875343430825,0
33,train,1,1,Necrotic-Core,0.8592588782721725,1
33,train,2,2,Edema,0.9163321537282227,1
33,train,3,4,Enhancing-Tumor,0.8486426979104025,1
33,eval,0,0,Background,0.9980552146297099,0
33,eval,1,1,Necrotic-Core,0.4250305815165239,1
33,eval,2,2,Edema,0.7904450348842258,1
33,eval,3,4,Enhancing-Tumor,0.5516731640199652,1
34,train,0,0,Background,0.9991035872054778,0
34,train,1,1,Necrotic-Core,0.863213733660622,1
34,train,2,2,Edema,0.9175436071414154,1
34,train,3,4,Enhancing-Tumor,0.8519230932381363,1
34,eval,0,0,Background,0.9979585166115214,0
34,eval,1,1,Necrotic-Core,0.4415945551768295,1
34,eval,2,2,Edema,0.7865558307313412,1
34,eval,3,4,Enhancing-Tumor,0.551281008649925,1
35,train,0,0,Background,0.9991230450105952,0
35,train,1,1,Necrotic-Core,0.8646892238827464,1
35,train,2,2,Edema,0.9196809493976155,1
35,train,3,4,Enhancing-Tumor,0.8540019601952095,1
35,eval,0,0,Background,0.9978614057696364,0
35,eval,1,1,Necrotic-Core,0.43362372951609,1
35,eval,2,2,Edema,0.7848388677499434,1
35,eval,3,4,Enhancing-Tumor,0.547590393570337,1
36,train,0,0,Background,0.9991235833748404,0
36,train,1,1,Necrotic-Core,0.8673232038899502,1
36,train,2,2,Edema,0.9204947840176549,1
36,train,3,4,Enhancing-Tumor,0.8569688781805224,1
36,eval,0,0,Background,0.9979734622448209,0
36,eval,1,1,Necrotic-Core,0.43077345804762246,1
36,eval,2,2,Edema,0.7888580206041231,1
36,eval,3,4,Enhancing-Tumor,0.5545274986638944,1
37,train,0,0,Background,0.9991421114870392,0
37,train,1,1,Necrotic-Core,0.8687222447150926,1
37,train,2,2,Edema,0.9210225115498147,1
37,train,3,4,Enhancing-Tumor,0.859112669858099,1
37,eval,0,0,Background,0.9980275528334742,0
37,eval,1,1,Necrotic-Core,0.4544425226647609,1
37,eval,2,2,Edema,0.7931637834329467,1
37,eval,3,4,Enhancing-Tumor,0.5433494928996698,1
38,train,0,0,Background,0.9991530525506126,0
38,train,1,1,Necrotic-Core,0.8725174330880614,1
38,train,2,2,Edema,0.9225770528543363,1
38,train,3,4,Enhancing-Tumor,0.8627556446625672,1
38,eval,0,0,Background,0.9979702229979556,0
38,eval,1,1,Necrotic-Core,0.41641790403644546,1
38,eval,2,2,Edema,0.7867842164204859,1
38,eval,3,4,Enhancing-Tumor,0.5544808598199235,1
39,train,0,0,Background,0.9991494528793898,0
39,train,1,1,Necrotic-Core,0.8743222035072973,1
39,train,2,2,Edema,0.9240457204834069,1
39,train,3,4,Enhancing-Tumor,0.8629835383411845,1
39,eval,0,0,Background,0.9980773809311774,0
39,eval,1,1,Necrotic-Core,0.4269544215471152,1
39,eval,2,2,Edema,0.7948294270344503,1
39,eval,3,4,Enhancing-Tumor,0.5461959763413339,1
40,train,0,0,Background,0.9991832510635322,0
40,train,1,1,Necrotic-Core,0.8751395054338313,1
40,train,2,2,Edema,0.9251890595647281,1
40,train,3,4,Enhancing-Tumor,0.86682276816312,1
40,eval,0,0,Background,0.9980522768048644,0
40,eval,1,1,Necrotic-Core,0.43485766486095956,1
40,eval,2,2,Edema,0.7943251856802188,1
40,eval,3,4,Enhancing-Tumor,0.5458033013150179,1
41,train,0,0,Background,0.9991774494608665,0
41,train,1,1,Necrotic-Core,0.8784972821502633,1
41,train,2,2,Edema,0.9260158854881153,1
41,train,3,4,Enhancing-Tumor,0.868290431525132,1
41,eval,0,0,Background,0.9980592660493122,0
41,eval,1,1,Necrotic-Core,0.44256892156302197,1
41,eval,2,2,Edema,0.7938077044760352,1
41,eval,3,4,Enhancing-Tumor,0.5444402475931853,1
42,train,0,0,Background,0.9991918010069107,0
42,train,1,1,Necrotic-Core,0.8781591113244042,1
42,train,2,2,Edema,0.9273142581415336,1
42,train,3,4,Enhancing-Tumor,0.8705651946739492,1
42,eval,0,0,Background,0.9980510083139541,0
42,eval,1,1,Necrotic-Core,0.43732927754908035,1
42,eval,2,2,Edema,0.7930204349149346,1
42,eval,3,4,Enhancing-Tumor,0.5457624606258693,1
43,train,0,0,Background,0.9991994034577216,0
43,train,1,1,Necrotic-Core,0.8801451418016408,1
43,train,2,2,Edema,0.927625541449659,1
43,train,3,4,Enhancing-Tumor,0.8728832691261625,1
43,eval,0,0,Background,0.9980560355051774,0
43,eval,1,1,Necrotic-Core,0.43845753758349976,1
43,eval,2,2,Edema,0.7942568889628645,1
43,eval,3,4,Enhancing-Tumor,0.5425356696919552,1
44,train,0,0,Background,0.999199047401848,0
44,train,1,1,Necrotic-Core,0.8809709690779733,1
44,train,2,2,Edema,0.9287065354464284,1
44,train,3,4,Enhancing-Tumor,0.873954527879394,1
44,eval,0,0,Background,0.9981111675854137,0
44,eval,1,1,Necrotic-Core,0.41232030252046303,1
44,eval,2,2,Edema,0.7969155561292384,1
44,eval,3,4,Enhancing-Tumor,0.54693383548875,1
45,train,0,0,Background,0.9992102677152007,0
45,train,1,1,Necrotic-Core,0.8836581341615833,1
45,train,2,2,Edema,0.9297560426206122,1
45,train,3,4,Enhancing-Tumor,0.8760460663207785,1
45,eval,0,0,Background,0.9980548531292964,0
45,eval,1,1,Necrotic-Core,0.4345818597003055,1
45,eval,2,2,Edema,0.7936342730444277,1
45,eval,3,4,Enhancing-Tumor,0.5434292940266067,1
46,train,0,0,Background,0.999210781701562,0
46,train,1,1,Necrotic-Core,0.884050968326973,1
46,train,2,2,Edema,0.9304944161140086,1
46,train,3,4,Enhancing-Tumor,0.8768981109025386,1
46,eval,0,0,Background,0.9980473181862158,0
46,eval,1,1,Necrotic-Core,0.41828082935350513,1
46,eval,2,2,Edema,0.7930314375905279,1
46,eval,3,4,Enhancing-Tumor,0.5443530418157154,1
47,train,0,0,Background,0.9992199633005818,0
47,train,1,1,Necrotic-Core,0.8848541365646438,1
47,train,2,2,Edema,0.9307676676653789,1
47,train,3,4,Enhancing-Tumor,0.8783658559883383,1
47,eval,0,0,Background,0.998117140587993,0
47,eval,1,1,Necrotic-Core,0.4220061393562604,1
47,eval,2,2,Edema,0.7956100168763018,1
47,eval,3,4,Enhancing-Tumor,0.5451412529099913,1
48,train,0,0,Background,0.9992185899249775,0
48,train,1,1,Necrotic-Core,0.8874650436661927,1
48,train,2,2,Edema,0.9314536898693337,1
48,train,3,4,Enhancing-Tumor,0.881506275295218,1
48,eval,0,0,Background,0.9980140427370219,0
48,eval,1,1,Necrotic-Core,0.4313842557354185,1
48,eval,2,2,Edema,0.7910930104684863,1
48,eval,3,4,Enhancing-Tumor,0.5450362046222439,1
49,train,0,0,Background,0.9992202778635152,0
49,train,1,1,Necrotic-Core,0.8872872904067652,1
49,train,2,2,Edema,0.9316337517602037,1
49,train,3,4,Enhancing-Tumor,0.8805153165773958,1
49,eval,0,0,Background,0.9980541862484773,0
49,eval,1,1,Necrotic-Core,0.43171324388883997,1
49,eval,2,2,Edema,0.7929255886565868,1
49,eval,3,4,Enhancing-Tumor,0.5432895547685737,1
50,train,0,0,Background,0.9992323127287801,0
50,train,1,1,Necrotic-Core,0.8899603951116464,1
50,train,2,2,Edema,0.9324268992783847,1
50,train,3,4,Enhancing-Tumor,0.8824361069613293,1
50,eval,0,0,Background,0.998083728210763,0
50,eval,1,1,Necrotic-Core,0.433640046319885,1
50,eval,2,2,Edema,0.7942000092958541,1
50,eval,3,4,Enhancing-Tumor,0.5421295846729094,1
51,train,0,0,Background,0.9992314060463494,0
51,train,1,1,Necrotic-Core,0.8888960738225349,1
51,train,2,2,Edema,0.933370306182428,1
51,train,3,4,Enhancing-Tumor,0.8818391326960372,1
51,eval,0,0,Background,0.9980606066591565,0
51,eval,1,1,Necrotic-Core,0.4344817127037336,1
51,eval,2,2,Edema,0.7938184964822367,1
51,eval,3,4,Enhancing-Tumor,0.5421102623404188,1
52,train,0,0,Background,0.9992423160909285,0
52,train,1,1,Necrotic-Core,0.8897875025280257,1
52,train,2,2,Edema,0.9329593200450779,1
52,train,3,4,Enhancing-Tumor,0.8844348392214094,1
52,eval,0,0,Background,0.9980948784212476,0
52,eval,1,1,Necrotic-Core,0.42763764032635093,1
52,eval,2,2,Edema,0.7941945365986649,1
52,eval,3,4,Enhancing-Tumor,0.5441670538805694,1
53,train,0,0,Background,0.9992423384926399,0
53,train,1,1,Necrotic-Core,0.8884927382354187,1
53,train,2,2,Edema,0.9329042564922799,1
53,train,3,4,Enhancing-Tumor,0.8836232548034755,1
53,eval,0,0,Background,0.9980507308541037,0
53,eval,1,1,Necrotic-Core,0.42846866906752673,1
53,eval,2,2,Edema,0.7930242457362254,1
53,eval,3,4,Enhancing-Tumor,0.542958308298135,1
54,train,0,0,Background,0.9992468241812394,0
54,train,1,1,Necrotic-Core,0.8919755758283917,1
54,train,2,2,Edema,0.932789615704689,1
54,train,3,4,Enhancing-Tumor,0.8859722069884314,1
54,eval,0,0,Background,0.9980745156841594,0
54,eval,1,1,Necrotic-Core,0.431087512092496,1
54,eval,2,2,Edema,0.7936752368901842,1
54,eval,3,4,Enhancing-Tumor,0.5449001238038363,1
55,train,0,0,Background,0.99924620379256,0
55,train,1,1,Necrotic-Core,0.8927519482212696,1
55,train,2,2,Edema,0.9327466688493683,1
55,train,3,4,Enhancing-Tumor,0.8853101857492288,1
55,eval,0,0,Background,0.9980829713577797,0
55,eval,1,1,Necrotic-Core,0.43088719458096475,1
55,eval,2,2,Edema,0.7938534520552758,1
55,eval,3,4,Enhancing-Tumor,0.5427640146045537,1
56,train,0,0,Background,0.9992406930172779,0
56,train,1,1,Necrotic-Core,0.8941760866064168,1
56,train,2,2,Edema,0.9331143385939468,1
56,train,3,4,Enhancing-Tumor,0.885835153477004,1
56,eval,0,0,Background,0.9980884300339453,0
56,eval,1,1,Necrotic-Core,0.430784652348553,1
56,eval,2,2,Edema,0.7942608610079779,1
56,eval,3,4,Enhancing-Tumor,0.5437510396246908,1
57,train,0,0,Background,0.9992545723539387,0
57,train,1,1,Necrotic-Core,0.8936514195812708,1
57,train,2,2,Edema,0.9342497671281218,1
57,train,3,4,Enhancing-Tumor,0.8862792586398502,1
57,eval,0,0,Background,0.9980661837607863,0
57,eval,1,1,Necrotic-Core,0.4365936588809333,1
57,eval,2,2,Edema,0.7931709060211523,1
57,eval,3,4,Enhancing-Tumor,0.5428096994985693,1
58,train,0,0,Background,0.9992489786480913,0
58,train,1,1,Necrotic-Core,0.8915839138491757,1
58,train,2,2,Edema,0.9340289854101235,1
58,train,3,4,Enhancing-Tumor,0.8868643824465434,1
58,eval,0,0,Background,0.9980772949077956,0
58,eval,1,1,Necrotic-Core,0.42947036644054465,1
58,eval,2,2,Edema,0.7934574742678334,1
58,eval,3,4,Enhancing-Tumor,0.5429196297955311,1
59,train,0,0,Background,0.9992462989385551,0
59,train,1,1,Necrotic-Core,0.8936437841453625,1
59,train,2,2,Edema,0.9344290291552817,1
59,train,3,4,Enhancing-Tumor,0.887028760816581,1
59,eval,0,0,Background,0.9980679381752016,0
59,eval,1,1,Necrotic-Core,0.43172396091915605,1
59,eval,2,2,Edema,0.7936371772894798,1
59,eval,3,4,Enhancing-Tumor,0.5419232584348453,1
60,train,0,0,Background,0.9992550178874011,0
60,train,1,1,Necrotic-Core,0.8913608413035314,1
60,train,2,2,Edema,0.9346479008092107,1
60,train,3,4,Enhancing-Tumor,0.887219767718103,1
60,eval,0,0,Background,0.9980665313098552,0
60,eval,1,1,Necrotic-Core,0.4332211435569163,1
60,eval,2,2,Edema,0.7933816214693158,1
60,eval,3,4,Enhancing-Tumor,0.5423488308654448,1
